Авиакомпания,Аэропорт вылета,Аэропорт прилета,День недели,Месяц,Время вылета,Время прилета,Продолжительность полета,Задержка прилета
Airline_C,ORD,LAX,Суббота,Июль,22,1,2.1747812848749337,27.35495335540111
Airline_A,ORD,LAX,Воскресенье,Август,23,0,2.874743649656566,-20.06628103329039
Airline_C,DEN,JFK,Воскресенье,Ноябрь,8,10,1.7374314414271221,13.052350145575788
Airline_C,DFW,JFK,Понедельник,Июнь,2,7,5.252837400690289,-9.164100877436052
Airline_A,LAX,JFK,Среда,Май,18,19,1.0672846129215146,-22.342708657195118
Airline_A,DFW,JFK,Вторник,Ноябрь,19,20,4.267997266884378,-9.911281900229325
Airline_C,DFW,DEN,Четверг,Сентябрь,4,6,2.9122082367815256,10.096151456129398
Airline_B,ORD,JFK,Пятница,Март,9,14,4.633178674895772,27.448001696451072
Airline_C,DFW,DEN,Суббота,Декабрь,16,20,4.721054660897872,-7.55919561475469
Airline_C,JFK,DEN,Пятница,Октябрь,14,19,3.257152351109096,-36.11814392393309
Airline_C,ORD,JFK,Среда,Апрель,22,1,3.71938815557482,29.991444097963214
Airline_C,JFK,ORD,Суббота,Сентябрь,7,8,4.028121506277924,-26.945081494563436
Airline_A,LAX,DFW,Четверг,Июнь,14,17,2.375321345773014,7.824695030325984
Airline_C,ORD,LAX,Понедельник,Август,20,0,4.626753348542331,-0.7449800311126318
Airline_B,LAX,DEN,Пятница,Июль,13,16,3.1460965655413204,-4.75710277038657
Airline_A,ORD,DFW,Среда,Ноябрь,19,0,2.823003574446935,-14.609289005640202
Airline_B,DEN,ORD,Четверг,Февраль,6,9,4.2350312988119185,18.604463412463918
Airline_B,DFW,LAX,Воскресенье,Март,20,0,5.6522811128184465,-107.46187822462534
Airline_B,DEN,LAX,Воскресенье,Январь,22,2,5.40519714257533,34.094115251011125
Airline_B,LAX,DEN,Четверг,Сентябрь,11,15,4.5960435954776475,-27.37523323182106
Airline_A,DFW,JFK,Четверг,Июль,16,21,2.107450552628908,12.23870729251944
Airline_A,ORD,ORD,Четверг,Январь,16,20,4.016912799921608,10.650768538047867
Airline_B,DFW,DEN,Суббота,Март,9,10,4.909564427380301,38.24932146062455
Airline_B,JFK,ORD,Четверг,Апрель,18,22,3.269630008767183,5.932474066142075
Airline_A,DFW,JFK,Пятница,Апрель,13,16,5.819677002780459,-24.873275419021358
Airline_A,JFK,JFK,Среда,Май,10,13,3.9993503004722,-48.142649637329065
Airline_A,DFW,DEN,Суббота,Март,1,4,3.2114312579989113,-10.464094646189235
Airline_C,JFK,JFK,Четверг,Март,17,22,4.265170741183356,-58.74526286649037
Airline_C,LAX,DFW,Вторник,Январь,6,9,3.6628597876346656,-18.85457118932267
Airline_C,DEN,LAX,Вторник,Июль,11,16,5.965448634600621,-8.778918609906158
Airline_B,ORD,DEN,Среда,Ноябрь,1,6,3.915814348190744,-20.69747934086774
Airline_C,DFW,ORD,Воскресенье,Октябрь,19,23,5.502875520065585,1.2532097209473645
Airline_B,DEN,DFW,Понедельник,Январь,17,18,3.795110282526725,-7.083120327576233
Airline_B,ORD,DEN,Понедельник,Февраль,5,9,5.135745853099901,-9.830596239863459
Airline_C,ORD,JFK,Воскресенье,Апрель,23,3,3.9774381842040123,-72.72451851111917
Airline_B,JFK,JFK,Суббота,Апрель,9,14,3.9643532340359866,-38.84115542056647
Airline_C,LAX,JFK,Суббота,Май,19,0,2.163728957879171,19.279701955646278
Airline_C,LAX,JFK,Суббота,Ноябрь,14,17,5.2994231248031065,24.12768818842333
Airline_A,DEN,ORD,Понедельник,Февраль,4,7,5.100154997506767,-55.16330153936987
Airline_C,LAX,DFW,Вторник,Апрель,19,23,5.27171759889818,-24.441545437023947
Airline_A,DFW,LAX,Понедельник,Январь,2,4,1.8159557894152067,32.15896102797382
Airline_C,LAX,ORD,Пятница,Февраль,4,6,3.3783156071652596,-21.54116440215447
Airline_C,DEN,ORD,Четверг,Январь,7,10,5.088396967146759,-3.3447236137533642
Airline_A,LAX,LAX,Суббота,Октябрь,7,9,1.3422255247789046,43.25415987047724
Airline_A,DFW,LAX,Вторник,Октябрь,7,10,2.98138333424128,-10.847319343301812
Airline_C,JFK,JFK,Среда,Апрель,11,16,5.629683595259203,-15.141582305613476
Airline_B,DEN,ORD,Среда,Апрель,23,3,5.4161609464061575,-4.711100717778889
Airline_A,JFK,DEN,Четверг,Июль,22,23,1.1665385134972701,55.60232393699485
Airline_B,JFK,LAX,Вторник,Октябрь,7,11,3.9861767972836946,13.386055088684397
Airline_B,JFK,LAX,Понедельник,Ноябрь,10,13,2.820849009263129,0.5724488333930375
Airline_B,ORD,DFW,Понедельник,Ноябрь,13,16,5.281477302450919,-15.730798670447504
Airline_A,ORD,DEN,Пятница,Сентябрь,7,11,3.0700686957211896,16.164507845433693
Airline_B,JFK,DEN,Пятница,Сентябрь,23,2,2.056625557377558,19.790993097923952
Airline_A,DEN,LAX,Понедельник,Май,9,11,4.120378149505534,-32.195355284264096
Airline_B,DFW,JFK,Среда,Октябрь,6,8,4.580768583614422,20.598845758384794
Airline_C,DFW,DFW,Суббота,Январь,16,19,2.9287634212054923,-4.534568598702915
Airline_C,LAX,DEN,Среда,Январь,3,6,1.4967434280059844,0.7439590388581998
Airline_A,DEN,LAX,Пятница,Июнь,12,14,2.842945482456197,-26.528670089649548
Airline_C,ORD,DEN,Четверг,Февраль,3,6,2.4458866198598077,-11.999460834867298
Airline_C,JFK,DFW,Понедельник,Август,4,7,1.7085835457678251,-30.90426795668487
Airline_B,LAX,DFW,Пятница,Сентябрь,21,1,1.7318727372865008,-32.34654510348902
Airline_A,DFW,ORD,Пятница,Апрель,3,4,3.1739637059033385,11.31270661280339
Airline_B,ORD,LAX,Суббота,Май,17,19,3.3612160589758115,-10.653496963293252
Airline_B,ORD,DFW,Понедельник,Ноябрь,5,9,1.637302156538024,-38.989130095872476
Airline_B,JFK,ORD,Суббота,Август,23,0,4.070696608184366,65.31157942465128
Airline_B,DFW,ORD,Понедельник,Март,23,2,4.361540187762957,-33.739651179478095
Airline_B,DEN,DEN,Суббота,Май,22,1,2.5347994662811923,32.76308883058002
Airline_B,ORD,DEN,Среда,Март,21,1,5.996224493044639,-44.29390924865405
Airline_B,JFK,ORD,Четверг,Декабрь,1,4,2.4745335626224407,13.695070055033865
Airline_A,DEN,DEN,Четверг,Октябрь,22,3,2.816056757114324,-7.516811058560737
Airline_C,DFW,DFW,Понедельник,Март,10,14,5.432067285066617,-18.871701940752143
Airline_B,ORD,JFK,Вторник,Март,13,14,1.796390722619709,5.902269712971181
Airline_B,DEN,DFW,Воскресенье,Декабрь,4,8,4.595414801620109,1.8677956898799666
Airline_B,DEN,ORD,Пятница,Июль,5,7,2.8865954415023984,-24.373955510461354
Airline_B,DEN,ORD,Пятница,Июль,9,13,5.41094255235011,-25.732166423610003
Airline_B,ORD,DFW,Понедельник,Июль,7,10,3.604304419821479,-47.21742635983203
Airline_B,ORD,DEN,Суббота,Октябрь,13,16,2.6300186806188273,9.166931530711535
Airline_C,LAX,DEN,Вторник,Август,23,4,4.417382941800473,-37.61414481300025
Airline_C,DFW,ORD,Среда,Май,2,7,1.1443120436874814,0.1192486955154744
Airline_B,JFK,LAX,Суббота,Май,11,16,2.0935594069123358,17.77433952362149
Airline_C,DEN,DEN,Суббота,Апрель,15,16,2.016671550599633,6.241650954721625
Airline_A,LAX,DFW,Понедельник,Июль,22,3,5.873534264245214,-21.69393894051775
Airline_B,JFK,DEN,Понедельник,Октябрь,16,17,3.2364749122386947,27.26437234049907
Airline_A,LAX,DFW,Пятница,Апрель,0,5,3.211506749281768,-12.239144343037589
Airline_A,ORD,ORD,Понедельник,Февраль,22,23,1.7360354004260654,-40.02482277014973
Airline_B,DEN,DEN,Понедельник,Апрель,9,13,4.320016113087392,-8.511825133598332
Airline_C,JFK,DFW,Понедельник,Август,22,2,1.5060446924118365,17.60392133954178
Airline_A,JFK,ORD,Пятница,Сентябрь,9,12,2.162511065297456,-20.232429432303807
Airline_B,JFK,LAX,Среда,Март,20,21,2.959745721461969,26.345472449109135
Airline_A,JFK,DFW,Среда,Июль,23,1,3.8515814000172375,-23.10978195652952
Airline_A,JFK,LAX,Воскресенье,Декабрь,1,4,4.863789622965003,-19.02639581056582
Airline_A,LAX,LAX,Воскресенье,Сентябрь,8,12,5.4067737485720055,-31.382370475597583
Airline_A,DEN,JFK,Понедельник,Ноябрь,21,22,4.762361213707173,20.511286107240878
Airline_C,ORD,DEN,Воскресенье,Апрель,12,17,2.1438761553897803,-1.5972771026760735
Airline_A,ORD,DFW,Пятница,Октябрь,15,17,5.0086190025917805,-29.39285843231923
Airline_A,ORD,LAX,Среда,Март,17,21,4.019972932578028,-11.886310268433105
Airline_A,ORD,JFK,Суббота,Май,18,21,4.5866017374045605,-92.13452963697083
Airline_C,LAX,ORD,Среда,Январь,11,12,5.455394905247941,23.339170903999303
Airline_A,DFW,DFW,Среда,Март,7,9,2.51801534890852,-5.122399184949222
Airline_A,DEN,LAX,Пятница,Август,16,17,4.00746314041722,-72.18714453029692
Airline_C,JFK,DEN,Воскресенье,Ноябрь,14,19,5.4226866196574255,-43.70044323972245
Airline_C,DFW,JFK,Суббота,Август,9,12,2.718068161200861,-12.647821876728093
Airline_C,ORD,LAX,Пятница,Апрель,14,15,5.4426937019674355,-39.42512277314511
Airline_A,DFW,DEN,Понедельник,Февраль,14,18,5.732219206312222,23.80047971058175
Airline_C,DEN,LAX,Четверг,Август,22,1,4.233018964396835,12.557186579734633
Airline_C,JFK,DFW,Среда,Август,6,10,2.8131420044817252,10.786078305536067
Airline_A,JFK,DFW,Четверг,Октябрь,12,13,4.588431240453453,-78.13040805644114
Airline_C,DEN,DFW,Пятница,Апрель,16,19,1.2107630994299061,-15.76375242620682
Airline_A,DEN,JFK,Пятница,Март,8,12,1.2367204758538328,-20.928493518271694
Airline_B,ORD,DFW,Пятница,Февраль,7,12,2.628030464569537,-28.62163362313763
Airline_C,JFK,DEN,Четверг,Сентябрь,19,0,5.829939593212443,-12.455258434911356
Airline_B,DFW,LAX,Пятница,Январь,20,21,4.415627782029155,-33.78714621258189
Airline_A,LAX,ORD,Понедельник,Июль,17,20,4.258300429127592,6.456621988506541
Airline_C,LAX,DEN,Пятница,Май,12,14,2.8670116069106006,22.99654063013315
Airline_A,DEN,DEN,Вторник,Август,15,18,2.669268291750835,20.41151215271015
Airline_B,ORD,DFW,Воскресенье,Апрель,8,13,1.4480854872830764,-4.137337551344419
Airline_A,LAX,JFK,Четверг,Июль,11,15,3.487900195279302,59.97719089000507
Airline_C,JFK,LAX,Вторник,Май,11,13,2.2042564679363963,34.199253435015294
Airline_C,DEN,JFK,Пятница,Май,5,6,3.626802630064844,-3.0467461101765503
Airline_B,DFW,LAX,Понедельник,Сентябрь,18,20,2.3587425105428887,-14.468166306045491
Airline_A,DEN,LAX,Среда,Сентябрь,6,7,5.9956451766743495,40.140814883457615
Airline_C,DFW,JFK,Суббота,Сентябрь,2,4,5.480183515261888,30.227420482881996
Airline_B,DEN,DEN,Воскресенье,Декабрь,15,16,1.4858856061896133,-42.312816114726886
Airline_C,DEN,LAX,Суббота,Июнь,17,18,1.5658517874106719,32.57463957686237
Airline_C,DEN,JFK,Пятница,Июнь,15,17,3.9167560031187465,-4.631206041717871
Airline_A,DFW,LAX,Воскресенье,Май,22,0,2.8008180998597503,-25.82734591780075
Airline_C,DFW,ORD,Воскресенье,Сентябрь,6,7,4.451130069797841,-59.37617577721989
Airline_A,DEN,DEN,Понедельник,Октябрь,3,8,1.718699265972796,-8.067485840934042
Airline_C,LAX,DFW,Воскресенье,Август,7,9,4.586235498780762,-0.3668275565977578
Airline_B,ORD,LAX,Четверг,Июль,12,15,4.492367048701249,47.61982962330652
Airline_C,ORD,ORD,Вторник,Июль,12,16,2.1923157727843505,28.717014232460574
Airline_A,ORD,DFW,Вторник,Июнь,16,17,3.463936263454891,-17.486601641281045
Airline_A,DFW,DFW,Вторник,Май,16,17,2.2458185870225744,11.680271826592108
Airline_B,DFW,LAX,Четверг,Апрель,4,8,1.9148421498516548,24.787482680184706
Airline_C,LAX,JFK,Суббота,Март,5,10,4.335406813496347,2.5787216405164637
Airline_C,ORD,LAX,Понедельник,Март,18,22,2.9522640145333723,-17.614624770936118
Airline_B,ORD,ORD,Воскресенье,Июнь,12,14,2.533055290094711,-15.96517368730337
Airline_C,DEN,DFW,Четверг,Апрель,13,17,2.6315443786761605,11.564192113708565
Airline_C,DFW,LAX,Вторник,Декабрь,21,22,1.5429404444893278,12.389416965751408
Airline_A,ORD,JFK,Пятница,Декабрь,3,7,3.129380616966701,-8.78863847290634
Airline_C,LAX,LAX,Среда,Июнь,6,9,2.375821219007941,-78.57456615160018
Airline_C,LAX,DEN,Воскресенье,Март,7,9,1.0991461122776238,-38.715681818738716
Airline_B,ORD,JFK,Четверг,Апрель,12,16,4.622954044183381,18.590667648363368
Airline_B,DFW,ORD,Четверг,Сентябрь,5,6,5.446874195200439,-63.92513992067627
Airline_A,LAX,DFW,Понедельник,Май,5,7,1.7779849715709368,35.525430491016444
Airline_C,DEN,LAX,Понедельник,Июль,23,0,5.22047048099937,31.084717834155118
Airline_C,LAX,JFK,Четверг,Октябрь,20,1,2.164566058429335,1.2328914579961716
Airline_C,JFK,DEN,Вторник,Февраль,2,5,2.406332230963768,17.93793102685823
Airline_A,JFK,JFK,Среда,Май,2,7,1.9265853832183812,15.863240350766578
Airline_A,DFW,DEN,Воскресенье,Сентябрь,12,15,5.7104218150124115,-3.506193850986388
Airline_B,ORD,ORD,Понедельник,Ноябрь,21,1,2.4189236247929187,-41.2166735276571
Airline_A,DFW,DFW,Воскресенье,Март,1,3,4.51727216975431,29.01818925185059
Airline_C,DFW,ORD,Вторник,Сентябрь,15,19,3.0842130111770985,42.216900341509046
Airline_C,DFW,LAX,Воскресенье,Ноябрь,21,0,3.9845758963761133,-36.25771572727026
Airline_A,DFW,JFK,Пятница,Июнь,5,8,2.666407304694919,-42.337650155090984
Airline_C,DEN,DEN,Понедельник,Апрель,7,10,5.285404068463422,-4.103907142720225
Airline_C,DEN,DEN,Вторник,Июль,22,23,2.5858083942152446,-18.786737869093496
Airline_A,LAX,JFK,Вторник,Август,7,9,5.109482366068994,4.348477206163774
Airline_A,JFK,JFK,Среда,Июнь,5,9,4.965836668807584,36.239821195811594
Airline_C,DFW,LAX,Среда,Май,13,17,5.174784987883366,-67.37011314817487
Airline_C,LAX,ORD,Пятница,Июнь,2,7,2.648030318055214,47.43815854857464
Airline_C,JFK,DEN,Вторник,Май,9,12,4.24545446253893,-12.200053256307596
Airline_B,ORD,LAX,Суббота,Август,2,5,1.7175613826485359,15.353369359514824
Airline_B,DEN,ORD,Вторник,Январь,11,14,3.776821367240281,18.561775143133975
Airline_B,JFK,LAX,Среда,Ноябрь,16,20,2.6734197289114325,22.060234625933884
Airline_A,ORD,DEN,Суббота,Июль,4,9,2.6144994602551925,1.8572431208999038
Airline_B,JFK,JFK,Понедельник,Октябрь,19,20,2.8924690939520117,8.866818053602373
Airline_A,DEN,JFK,Понедельник,Октябрь,8,10,4.078626710989758,8.670661518162092
Airline_A,DEN,ORD,Воскресенье,Ноябрь,20,21,1.3309147657801952,-18.90848402338342
Airline_B,LAX,DFW,Четверг,Февраль,19,23,5.248287479630846,-52.74165574311593
Airline_B,DFW,ORD,Среда,Сентябрь,6,9,1.9880139620654216,-36.575574832955844
Airline_B,JFK,DFW,Четверг,Январь,21,23,4.389389779666874,-3.1271393849410374
Airline_C,JFK,LAX,Суббота,Ноябрь,3,7,2.7326126992403985,-23.60419970689155
Airline_B,ORD,LAX,Среда,Октябрь,12,16,3.6847251638810046,-23.53488217168605
Airline_C,DEN,DEN,Пятница,Июнь,12,16,2.2120812374773777,53.977531370585865
Airline_A,JFK,DFW,Вторник,Сентябрь,9,11,5.238997680211551,25.766843899796193
Airline_C,DEN,DEN,Пятница,Январь,17,19,3.281284563553034,-7.562278977299205
Airline_B,JFK,JFK,Суббота,Апрель,16,21,2.411127278259379,20.16104836966326
Airline_A,LAX,DFW,Среда,Апрель,19,0,3.234325065650527,-12.608058167727021
Airline_A,DFW,ORD,Суббота,Сентябрь,19,20,1.019651482746848,3.3217030255948954
Airline_A,JFK,JFK,Вторник,Ноябрь,12,14,4.879393056807196,13.24885945256748
Airline_C,DEN,JFK,Понедельник,Май,16,18,2.965609831380884,-12.52817903315636
Airline_B,LAX,ORD,Понедельник,Май,21,23,5.341570387031568,-20.55751642611287
Airline_A,JFK,JFK,Суббота,Июнь,3,8,1.3385068794254729,36.71795455405512
Airline_A,ORD,DFW,Четверг,Январь,0,4,2.007091812774371,18.423389015943197
Airline_A,DFW,DEN,Среда,Январь,0,3,1.680250688330374,-67.63832634878152
Airline_C,JFK,JFK,Среда,Сентябрь,14,19,5.825439895748628,-20.044077900948306
Airline_C,LAX,DFW,Понедельник,Март,12,14,2.146608300360003,-23.438174990831815
Airline_B,ORD,LAX,Воскресенье,Апрель,16,21,5.159666349367151,-18.634142664371936
Airline_C,LAX,DFW,Пятница,Январь,23,0,3.790083249971438,25.872068662766857
Airline_A,LAX,DEN,Воскресенье,Сентябрь,7,9,5.616290748354144,0.5761790401107463
Airline_B,ORD,DFW,Вторник,Август,17,18,3.0448605576277172,-41.68889012566637
Airline_A,LAX,ORD,Пятница,Февраль,12,14,2.622546990462282,-11.496445108758474
Airline_A,ORD,DEN,Пятница,Август,22,3,3.3089177228437663,16.252129428485695
Airline_C,JFK,LAX,Суббота,Июль,13,17,2.368725155470846,-6.589350466012631
Airline_B,ORD,ORD,Понедельник,Ноябрь,7,10,2.76973141829688,-19.34027853490474
Airline_C,ORD,DFW,Воскресенье,Июнь,7,8,4.810935192672611,9.936578362155851
Airline_C,DFW,DEN,Воскресенье,Январь,14,19,2.4003566268398306,48.54577468317231
Airline_B,ORD,LAX,Понедельник,Июль,12,16,3.9471529360063546,13.84274498875556
Airline_A,ORD,ORD,Воскресенье,Октябрь,6,11,4.406462717952072,39.028245390950964
Airline_A,JFK,LAX,Понедельник,Июль,4,5,4.77183603523011,-17.328426535947095
Airline_B,DFW,DFW,Суббота,Сентябрь,16,19,2.483877264564259,-0.2508633337218218
Airline_A,DEN,LAX,Четверг,Январь,15,20,5.897532326522084,-0.8565595360704678
Airline_B,JFK,JFK,Пятница,Февраль,22,0,5.907761243650179,3.5603725220307365
Airline_B,JFK,ORD,Суббота,Ноябрь,1,5,4.087416807871084,13.21558819142748
Airline_C,DEN,LAX,Среда,Сентябрь,21,2,2.936493331310226,-27.569073631643345
Airline_B,ORD,DFW,Вторник,Сентябрь,17,21,5.825534841520415,19.419980565404355
Airline_C,LAX,DFW,Четверг,Июнь,16,18,2.791310714312667,-48.8365781686565
Airline_A,DFW,LAX,Среда,Июнь,6,9,2.2009113396855224,-40.07269987520045
Airline_A,LAX,DFW,Пятница,Апрель,12,15,4.805119208754665,64.06878303519692
Airline_A,DEN,DEN,Воскресенье,Апрель,17,19,4.850132734685037,-15.303622184366281
Airline_A,JFK,DEN,Понедельник,Май,13,17,1.2891503344541508,21.885580529586065
Airline_C,JFK,DEN,Пятница,Март,17,22,5.952260078362324,50.948711772808686
Airline_A,DFW,JFK,Суббота,Январь,12,14,5.049860146399165,-69.43368236335428
Airline_B,JFK,LAX,Вторник,Январь,10,11,5.14990925324714,33.78738540467129
Airline_B,JFK,JFK,Суббота,Декабрь,20,0,3.5375811380515145,19.46830818777813
Airline_B,DFW,DFW,Четверг,Июль,20,23,2.57579247112231,49.21191842799119
Airline_C,DFW,JFK,Четверг,Январь,15,17,4.645150083300903,-35.44569484993881
Airline_A,DEN,DFW,Вторник,Январь,22,1,5.016969129315466,43.53763970863838
Airline_A,JFK,DFW,Среда,Март,16,20,1.9603667746221303,-22.182432948080713
Airline_A,JFK,ORD,Среда,Октябрь,7,10,5.044588092734144,31.643334428299706
Airline_C,DEN,DEN,Четверг,Апрель,18,20,2.1430619527234023,-1.0806310726331976
Airline_B,ORD,DFW,Четверг,Апрель,19,23,2.014014517526057,23.12306419305416
Airline_B,ORD,ORD,Воскресенье,Февраль,14,15,4.566858433294095,1.4660754991545926
Airline_A,ORD,DEN,Понедельник,Январь,8,10,3.9322668839209722,-55.182047525601874
Airline_B,DEN,DFW,Воскресенье,Март,19,0,4.665947166080464,-93.6163206883139
Airline_B,JFK,DFW,Воскресенье,Ноябрь,9,11,5.822657468480427,6.297466019504723
Airline_C,DEN,JFK,Среда,Апрель,11,15,1.01328120345858,-7.912051128940438
Airline_C,DEN,JFK,Вторник,Март,20,22,4.542015298479726,11.94662854260881
Airline_C,ORD,DEN,Среда,Август,22,23,3.459562977505522,-7.564603975307244
Airline_C,LAX,DFW,Понедельник,Октябрь,19,20,4.498967944220793,60.542321481534614
Airline_A,JFK,LAX,Суббота,Январь,0,5,2.0722131853351877,6.916113834849134
Airline_C,ORD,JFK,Четверг,Февраль,19,22,5.6844353610693075,-13.408431827479962
Airline_B,LAX,DEN,Четверг,Июль,8,12,5.503220414858634,10.120891990405985
Airline_A,LAX,DFW,Понедельник,Апрель,21,1,5.765148849861264,-12.86024390643917
Airline_B,DFW,DFW,Воскресенье,Август,14,17,5.485290634061715,2.7879070234196206
Airline_B,JFK,LAX,Вторник,Ноябрь,0,1,5.149381636226432,-36.52440561707503
Airline_B,LAX,DEN,Четверг,Март,11,12,5.648256954077822,-0.25755605578816115
Airline_C,ORD,DFW,Пятница,Июнь,2,4,1.1723863621051662,-14.335571881055246
Airline_C,DFW,JFK,Воскресенье,Сентябрь,10,15,3.872394563354815,-33.68209876106039
Airline_A,JFK,LAX,Четверг,Январь,1,6,5.6131162390692415,59.272076042179265
Airline_A,DEN,DEN,Пятница,Январь,15,20,3.1572038835569542,-32.51206109820499
Airline_C,ORD,LAX,Понедельник,Август,8,10,5.962338057481206,0.20892670325812596
Airline_B,LAX,JFK,Понедельник,Март,14,19,4.5183654633353205,-24.084241048462715
Airline_A,LAX,DEN,Воскресенье,Май,11,14,5.072898451871655,8.91118412639625
Airline_C,ORD,LAX,Четверг,Январь,0,2,2.626832904415067,-38.23155403406752
Airline_C,LAX,ORD,Среда,Май,12,15,1.2531989070128102,25.210704718066534
Airline_C,DFW,JFK,Пятница,Ноябрь,13,15,4.803693451877303,61.08468559076524
Airline_B,JFK,JFK,Вторник,Июнь,7,12,4.817822073566191,-25.186177113020094
Airline_C,DFW,JFK,Четверг,Август,7,10,2.978947355854662,36.50906588043962
Airline_C,LAX,ORD,Вторник,Март,11,14,5.501869531024504,-11.4563803318707
Airline_C,DEN,ORD,Четверг,Март,0,3,1.454956879727737,45.17373363228257
Airline_C,JFK,DFW,Среда,Декабрь,10,12,4.75347560544648,65.65496958287973
Airline_A,JFK,LAX,Среда,Ноябрь,7,11,1.1324706563419267,-7.011150351253763
Airline_A,ORD,DFW,Воскресенье,Ноябрь,9,14,4.546915513793124,-45.607982426839556
Airline_C,ORD,LAX,Воскресенье,Октябрь,18,21,5.546247600130851,28.44253162308269
Airline_B,DEN,ORD,Среда,Сентябрь,10,14,4.0894731228103876,6.732516238323486
Airline_A,JFK,ORD,Суббота,Апрель,6,11,4.417984085506913,15.053735033329232
Airline_C,DEN,DFW,Среда,Апрель,10,15,3.853284798567202,-10.195351255330959
Airline_A,ORD,DEN,Понедельник,Декабрь,16,19,5.85615362199466,-26.53478455982097
Airline_A,ORD,DFW,Понедельник,Июль,0,3,2.099237664919681,34.81044542900923
Airline_B,JFK,LAX,Суббота,Февраль,20,22,2.090720882747831,9.593699836680983
Airline_C,DFW,DFW,Пятница,Август,20,0,5.262695477001936,-43.30671102551176
Airline_C,LAX,JFK,Вторник,Июнь,7,11,2.8747660625539933,20.60625669608681
Airline_B,ORD,LAX,Четверг,Март,22,1,5.128902585073499,14.585057938995016
Airline_B,ORD,LAX,Четверг,Сентябрь,23,4,2.7199968026274464,-9.758967729706923
Airline_C,DFW,DEN,Суббота,Май,5,8,3.101165619613103,48.59439702726966
Airline_C,DFW,ORD,Понедельник,Август,21,2,2.623137853747825,-18.54519487041793
Airline_B,DEN,LAX,Воскресенье,Июль,17,22,4.356067299119145,-5.06959494464525
Airline_A,DEN,ORD,Четверг,Август,5,8,5.788913962965867,23.05944263904594
Airline_A,LAX,DFW,Понедельник,Июль,4,5,1.2336904488253637,2.302888509921648
Airline_B,LAX,JFK,Пятница,Март,12,16,1.6392018293899597,-41.53269463075309
Airline_A,JFK,DEN,Вторник,Февраль,18,23,5.235682534575885,5.51398118980289
Airline_B,DEN,ORD,Пятница,Июль,21,2,3.7136602831121537,-12.43169375895698
Airline_A,ORD,LAX,Суббота,Март,7,8,2.873678034560749,25.7098873474879
Airline_A,DEN,ORD,Среда,Март,8,10,3.12680179912676,4.536550319854193
Airline_C,ORD,LAX,Среда,Февраль,16,17,1.8665956885955035,2.8352295914217245
Airline_C,DFW,ORD,Среда,Апрель,2,3,5.593575254414298,-31.44753491157155
Airline_A,DEN,LAX,Пятница,Август,18,23,5.1271104908670235,-6.900759237420165
Airline_A,DFW,DFW,Четверг,Декабрь,10,14,3.427541855359712,29.103032820379603
Airline_C,LAX,LAX,Вторник,Январь,23,0,3.160860293485098,-23.29609033624113
Airline_C,LAX,LAX,Среда,Январь,16,18,2.7003478888665695,-0.9765066926314248
Airline_C,JFK,JFK,Суббота,Декабрь,20,23,4.758868134417949,-28.093381549470287
Airline_B,DEN,LAX,Суббота,Май,18,19,4.105796520272799,-35.515279231550075
Airline_A,DFW,JFK,Среда,Ноябрь,1,2,2.5061398526946443,-2.5457713496805776
Airline_C,ORD,DEN,Среда,Май,7,9,4.814625056025918,5.21403494632015
Airline_A,LAX,JFK,Вторник,Ноябрь,18,22,1.9361630415509965,59.81588817697784
Airline_B,LAX,DFW,Среда,Декабрь,6,7,4.51351786674177,-13.663811515386271
Airline_B,ORD,JFK,Вторник,Январь,16,17,2.950279223611407,-1.5050780290164738
Airline_C,DFW,DEN,Суббота,Июнь,5,9,4.53568897045603,-37.50220553912774
Airline_B,DFW,DFW,Среда,Январь,18,20,5.394190494599908,18.367200447207416
Airline_A,DEN,ORD,Пятница,Май,23,0,3.8482031285528953,11.942843380598417
Airline_C,DEN,ORD,Воскресенье,Сентябрь,5,9,1.492982710458089,44.65184033074285
Airline_A,JFK,JFK,Пятница,Декабрь,1,2,5.471902510564523,33.348664545261265
Airline_A,LAX,JFK,Суббота,Май,5,8,5.4903124894098285,10.542200065268489
Airline_B,DEN,DEN,Вторник,Июнь,22,3,2.8467850018697454,-14.102144987661012
Airline_B,DFW,DEN,Пятница,Август,4,7,3.8319415416880522,6.140053136701812
Airline_B,ORD,LAX,Вторник,Ноябрь,18,19,3.403519992440211,-3.33040386395283
Airline_B,DFW,DEN,Пятница,Январь,19,21,1.333299859870525,28.60192599713939
Airline_B,LAX,LAX,Пятница,Февраль,3,8,2.4919280240391295,24.786944698874045
Airline_C,DFW,DFW,Вторник,Сентябрь,21,0,1.572772509737109,-8.89246330964266
Airline_A,JFK,JFK,Четверг,Март,16,20,4.238337210627997,-43.85981339480634
Airline_A,LAX,DFW,Пятница,Июнь,10,12,5.7939550847155905,40.00161900661274
Airline_A,ORD,DEN,Среда,Май,3,6,1.4864827657324229,17.45621870469615
Airline_A,JFK,DFW,Воскресенье,Ноябрь,12,16,5.33404554841996,-9.58470211718007
Airline_B,LAX,DFW,Суббота,Февраль,19,20,2.1068209929639905,16.28620044311013
Airline_A,ORD,DFW,Четверг,Июль,16,20,4.238845160403607,2.2458391875008723
Airline_C,JFK,DEN,Вторник,Апрель,8,11,2.9492811717559837,39.55853778658421
Airline_C,JFK,DFW,Четверг,Январь,3,6,4.305099686819527,-57.893406954150805
Airline_A,LAX,LAX,Понедельник,Апрель,22,23,4.1688592893670355,-11.915728995402974
Airline_A,DEN,DEN,Понедельник,Июнь,13,17,5.460672791654993,47.97163546436065
Airline_C,JFK,DFW,Пятница,Июль,18,22,2.3070877433602486,16.895952104019365
Airline_C,JFK,DEN,Пятница,Июль,2,3,2.035159250271194,53.178200049426245
Airline_B,ORD,ORD,Среда,Июль,13,17,1.3231452172794174,-36.654212794903934
Airline_C,DFW,LAX,Воскресенье,Март,7,8,2.5441086239394686,32.165901478154616
Airline_B,LAX,DFW,Суббота,Июнь,23,1,1.551712372019967,30.366732703614986
Airline_B,LAX,ORD,Четверг,Август,0,3,3.3565589211768887,-50.45185605986502
Airline_B,DEN,ORD,Понедельник,Апрель,9,11,3.4473027562526006,-8.865068685992519
Airline_B,DEN,DEN,Пятница,Август,17,22,3.9655179182347666,-3.1958731558224946
Airline_B,LAX,ORD,Суббота,Февраль,15,20,2.3773484772303117,-48.58668086302217
Airline_A,DEN,LAX,Четверг,Октябрь,7,12,2.258226813259983,-8.238069795613166
Airline_C,ORD,LAX,Пятница,Сентябрь,0,1,1.2434670440667601,26.19549422335818
Airline_B,LAX,JFK,Пятница,Сентябрь,11,15,4.457764612704134,-11.727691785742206
Airline_C,DEN,LAX,Понедельник,Август,7,9,1.759520148716944,7.26399467022079
Airline_C,LAX,ORD,Понедельник,Октябрь,23,1,3.205988184188473,7.481108481829562
Airline_B,DFW,LAX,Пятница,Октябрь,15,17,1.709296127140768,-0.3643023341629861
Airline_A,JFK,DEN,Вторник,Январь,17,19,4.0211498233494165,-21.15546072076286
Airline_B,LAX,JFK,Пятница,Февраль,3,8,2.418932977983946,19.764419246516937
Airline_A,JFK,ORD,Суббота,Июнь,5,7,1.7758650652027868,-47.61101284577975
Airline_C,DEN,JFK,Пятница,Октябрь,11,15,3.3387329557744314,0.25764415524547934
Airline_A,JFK,ORD,Среда,Май,8,13,3.5637371014453993,41.56459021554266
Airline_A,LAX,DEN,Воскресенье,Декабрь,14,16,2.204979232825911,-13.421197495236463
Airline_A,DFW,JFK,Среда,Сентябрь,15,16,1.7419953911261723,-21.819636645068318
Airline_C,DEN,DFW,Среда,Май,23,2,4.052279103268759,21.76548416326133
Airline_C,LAX,ORD,Вторник,Февраль,11,14,2.8525426448755002,4.902952817613958
Airline_A,DEN,DFW,Вторник,Октябрь,23,2,1.1981963864216683,22.363418461707976
Airline_A,ORD,JFK,Пятница,Апрель,22,3,5.87439803170833,1.154954570858167
Airline_B,JFK,DFW,Среда,Сентябрь,13,15,3.3525292413005174,-71.64877352253538
Airline_A,ORD,DFW,Вторник,Январь,12,17,4.722683574474487,35.39740231277097
Airline_B,LAX,JFK,Понедельник,Ноябрь,1,5,4.319225297786188,62.10079147434827
Airline_A,DFW,DEN,Пятница,Январь,2,3,4.905911671234648,38.5212302050886
Airline_B,DEN,DFW,Суббота,Декабрь,23,0,3.1266371255183745,-106.16573175209278
Airline_C,JFK,DFW,Воскресенье,Июль,21,0,1.1785197892725987,13.532646375166992
Airline_A,DEN,DEN,Четверг,Ноябрь,9,12,2.4930301251588025,-14.002374317251387
Airline_A,LAX,DFW,Пятница,Март,8,11,1.0819384390381461,-32.527312608351274
Airline_A,DEN,DFW,Четверг,Октябрь,19,21,2.195980184701762,3.6819648491481898
Airline_A,JFK,DFW,Среда,Февраль,7,11,4.943766382212014,-4.468418846991622
Airline_B,LAX,LAX,Воскресенье,Сентябрь,9,13,1.976489661147887,15.259734128395232
Airline_A,DEN,DEN,Четверг,Март,18,22,4.376259329330422,1.6974056791636225
Airline_C,DFW,DFW,Среда,Февраль,2,6,5.9232860210139355,-33.62436320666931
Airline_C,LAX,DEN,Понедельник,Декабрь,23,2,4.544824675673432,-17.29805330228913
Airline_A,LAX,ORD,Четверг,Август,4,5,4.269742465873767,-22.138756689750483
Airline_C,DFW,ORD,Воскресенье,Октябрь,2,5,2.7023987210805984,-51.494495302333384
Airline_A,ORD,DFW,Пятница,Июнь,15,19,5.658901806574857,-41.149339318616505
Airline_A,JFK,DEN,Среда,Июнь,16,19,4.989125319108734,-6.332060096555827
Airline_C,ORD,DEN,Пятница,Октябрь,14,18,4.265047287409283,42.71262225921837
Airline_A,DEN,DEN,Воскресенье,Ноябрь,2,7,5.672059502661735,-16.066712390963843
Airline_C,DFW,LAX,Вторник,Июль,11,12,5.052023755029447,-22.72292324258369
Airline_B,ORD,ORD,Среда,Июль,8,13,1.1136460386967193,-35.43860420018478
Airline_A,LAX,DEN,Четверг,Ноябрь,20,22,2.0039183749510934,0.9160948498605213
Airline_B,DEN,DEN,Среда,Июнь,11,14,5.999460681059674,35.37778003830378
Airline_C,DEN,LAX,Пятница,Апрель,14,16,5.802273697147478,60.08048299225776
Airline_B,ORD,LAX,Понедельник,Ноябрь,1,4,3.786723014733541,8.561981301650608
Airline_B,ORD,DEN,Среда,Сентябрь,22,3,5.50972607528818,4.199812279093036
Airline_C,DFW,JFK,Четверг,Июнь,17,21,2.30006708290544,-16.304193217606294
Airline_B,JFK,DEN,Вторник,Апрель,19,23,4.151264284462676,-11.296998644730335
Airline_B,ORD,DEN,Суббота,Декабрь,11,14,4.284674738846464,18.875252731521087
Airline_C,ORD,LAX,Понедельник,Март,22,2,4.375971221929139,-9.446259961892384
Airline_B,LAX,LAX,Вторник,Апрель,3,8,4.756310096980294,-4.868473415022422
Airline_C,DEN,DEN,Среда,Март,22,2,3.5396617889031523,-0.760418242512731
Airline_B,JFK,DEN,Пятница,Февраль,15,20,5.077483626555483,-17.724843327224285
Airline_C,LAX,DEN,Воскресенье,Май,22,0,4.018029008958912,-2.2493777723265387
Airline_C,DFW,LAX,Пятница,Февраль,15,20,1.1023321795340633,-60.58218386372405
Airline_B,DFW,DEN,Четверг,Июнь,0,1,4.410498713697379,16.46507649055387
Airline_B,ORD,DEN,Пятница,Март,21,22,5.933192917049018,70.55315516916164
Airline_B,ORD,DFW,Понедельник,Июнь,1,2,4.637402481209222,-16.561308454891993
Airline_A,DFW,JFK,Пятница,Ноябрь,2,5,3.801825899875515,11.215114350050094
Airline_A,ORD,ORD,Четверг,Октябрь,20,23,2.4663745945045488,25.547289607385537
Airline_A,JFK,JFK,Суббота,Сентябрь,19,22,2.361666083195043,38.40645818152384
Airline_C,ORD,DFW,Среда,Январь,16,21,5.1084003727166225,-7.929644662205381
Airline_B,DEN,ORD,Воскресенье,Июнь,19,22,2.8759330221862047,-54.09951761066158
Airline_C,ORD,DEN,Среда,Сентябрь,21,23,2.783160029027903,8.016958525462885
Airline_A,LAX,DFW,Пятница,Ноябрь,20,21,1.1681180975977252,3.85886071963281
Airline_B,JFK,DEN,Вторник,Апрель,0,5,5.512260563876261,-10.369991240280083
Airline_C,LAX,LAX,Среда,Ноябрь,19,20,5.4873748079212445,-4.00536368653022
Airline_B,LAX,DFW,Суббота,Декабрь,5,8,2.625091552686529,4.310413350531936
Airline_C,DEN,LAX,Пятница,Февраль,14,19,2.9461868939912614,10.85285976311551
Airline_B,JFK,DFW,Воскресенье,Апрель,13,17,2.5797714417624795,9.594291307197533
Airline_A,JFK,DFW,Четверг,Январь,19,21,3.5402172667786185,-6.53056978503386
Airline_A,JFK,LAX,Суббота,Март,14,17,4.050322932934664,11.528365049578532
Airline_B,JFK,ORD,Пятница,Октябрь,13,16,3.062907476018024,-8.550925448245858
Airline_C,JFK,JFK,Суббота,Сентябрь,20,22,5.187346791326789,19.26076504605959
Airline_A,DEN,DEN,Среда,Октябрь,23,1,1.0324707716917483,-18.82328506429503
Airline_A,ORD,DFW,Воскресенье,Май,4,8,4.743352895570013,2.1917457644868743
Airline_A,LAX,DEN,Четверг,Ноябрь,5,8,1.7233303039939631,-48.71215746351689
Airline_B,JFK,LAX,Пятница,Июнь,16,19,5.136056234431643,-11.097314083714418
Airline_B,ORD,DEN,Понедельник,Март,10,11,5.836078900795281,17.02466163389936
Airline_C,ORD,LAX,Четверг,Май,15,20,1.1547860348461119,-31.01204600124206
Airline_C,LAX,DEN,Понедельник,Ноябрь,11,16,1.301175586997359,-9.603014290502509
Airline_C,DEN,JFK,Суббота,Август,14,15,1.248976899161365,-72.15208649730629
Airline_B,DFW,JFK,Вторник,Июнь,22,3,5.372307098573048,-41.04222325595968
Airline_B,DFW,JFK,Четверг,Апрель,3,5,2.254663765889962,-33.19423668341705
Airline_C,ORD,JFK,Суббота,Февраль,17,22,1.4889509264384522,3.0525315231491597
Airline_C,LAX,JFK,Понедельник,Сентябрь,20,1,4.407407881354685,10.002270371781377
Airline_B,DFW,JFK,Среда,Декабрь,2,3,5.986569490779327,-1.6816669782059133
Airline_C,ORD,LAX,Среда,Январь,21,1,3.0559263501282254,-11.477801486621345
Airline_A,DEN,DFW,Вторник,Январь,7,12,3.1421813763873514,-11.373052450462419
Airline_B,DFW,DEN,Четверг,Апрель,22,3,4.052825893908603,21.481372471214826
Airline_C,ORD,JFK,Четверг,Июль,2,6,2.625841194982376,6.384595406491586
Airline_B,ORD,LAX,Четверг,Январь,7,8,1.0545092774137195,-10.018367889160874
Airline_A,JFK,LAX,Суббота,Сентябрь,17,21,5.836439737376123,38.79898485723777
Airline_B,DEN,LAX,Воскресенье,Апрель,9,10,1.5119386306819278,58.499251229883015
Airline_B,JFK,DFW,Воскресенье,Март,19,21,5.527007624581533,-37.37227350701011
Airline_B,LAX,DEN,Вторник,Январь,16,17,3.5615945077121944,15.675302106315343
Airline_B,JFK,DFW,Четверг,Октябрь,7,9,1.1708137063062107,92.69668823059155
Airline_A,JFK,ORD,Суббота,Апрель,22,0,4.197690303114488,8.40616623150583
Airline_B,DFW,LAX,Среда,Сентябрь,10,11,2.318817322873005,3.463279084928296
Airline_B,ORD,ORD,Понедельник,Октябрь,4,7,4.593496415821852,-1.6720181968084078
Airline_C,DEN,JFK,Суббота,Июнь,12,13,2.2101177759402146,14.705445524722242
Airline_B,JFK,JFK,Воскресенье,Июнь,20,1,1.1163317271332613,22.646974996496485
Airline_C,DEN,DFW,Воскресенье,Январь,22,3,1.9701168864184322,-37.34300622507548
Airline_A,JFK,DEN,Среда,Октябрь,4,7,2.0219818148096227,-0.7945088486648594
Airline_A,LAX,ORD,Среда,Февраль,23,1,3.802697405336022,-68.08493593492229
Airline_A,JFK,DEN,Понедельник,Ноябрь,12,15,5.788035149575022,-6.279498498645002
Airline_A,DFW,DFW,Среда,Июнь,5,10,4.297214113845096,-27.08065781466218
Airline_C,ORD,JFK,Вторник,Февраль,4,7,4.135626616007313,10.175327374064528
Airline_B,LAX,DEN,Понедельник,Март,8,9,4.145628646705424,-49.69141581423077
Airline_A,JFK,DEN,Среда,Апрель,15,18,1.6974316172371924,-15.369519313772845
Airline_B,DEN,JFK,Пятница,Ноябрь,1,3,4.642806591086174,28.996327515618365
Airline_C,LAX,ORD,Суббота,Май,0,1,5.7827456742513865,-20.289994543327506
Airline_C,LAX,JFK,Среда,Сентябрь,7,11,5.937481172399105,-57.148073322536575
Airline_C,JFK,DEN,Вторник,Декабрь,18,23,2.691927363266592,7.725994593869535
Airline_A,LAX,ORD,Четверг,Апрель,10,15,1.1558515365514435,-17.595869792779084
Airline_B,DEN,ORD,Среда,Ноябрь,11,14,5.24344261676541,-5.576563082186896
Airline_B,LAX,JFK,Воскресенье,Сентябрь,11,12,3.8421937308731144,-21.89608759387777
Airline_B,DEN,DEN,Воскресенье,Ноябрь,6,10,1.2093060758342085,59.23190233440087
Airline_C,JFK,DFW,Воскресенье,Октябрь,12,13,1.0725223169544815,-46.7421820756054
Airline_A,ORD,DEN,Четверг,Март,7,12,5.70328005404225,85.00486835682818
Airline_C,LAX,LAX,Воскресенье,Август,21,22,3.402526355490142,-11.719095922540559
Airline_C,ORD,DFW,Пятница,Декабрь,8,12,2.920040052545904,5.503397286544056
Airline_B,DEN,ORD,Среда,Январь,6,9,5.650255071093661,-17.243892528134513
Airline_C,LAX,DFW,Воскресенье,Ноябрь,20,22,3.0904189777916606,-18.49900679566362
Airline_B,DFW,ORD,Понедельник,Сентябрь,23,0,1.9478565672536607,-23.544897102978993
Airline_A,ORD,ORD,Четверг,Сентябрь,14,16,3.258557263640246,18.037738861309066
Airline_B,LAX,DFW,Пятница,Октябрь,1,6,1.3372124904062859,-42.323990808811686
Airline_A,ORD,ORD,Понедельник,Февраль,22,1,5.402260413683542,10.923256327280065
Airline_B,LAX,ORD,Понедельник,Апрель,19,22,5.051224296404313,-65.53478205155426
Airline_C,JFK,LAX,Понедельник,Август,11,12,4.496515422230605,8.205863134252912
Airline_C,ORD,DEN,Понедельник,Июль,0,3,4.123318491075292,25.474278177965736
Airline_A,DFW,DEN,Среда,Январь,22,23,4.400970326688352,-38.23557321922108
Airline_A,DFW,LAX,Воскресенье,Май,21,22,5.350709787992084,20.362278051562317
Airline_A,DEN,DFW,Суббота,Июль,7,9,2.7728400834265035,1.5415623187296448
Airline_B,LAX,JFK,Среда,Апрель,4,7,5.8031705116327315,47.95279366073519
Airline_B,ORD,JFK,Среда,Январь,14,15,3.153412882389088,-25.656191469332693
Airline_A,DEN,JFK,Пятница,Сентябрь,0,2,5.366551187379226,84.47957711168189
Airline_C,ORD,LAX,Пятница,Май,0,4,5.373353161031831,-71.72346462975713
Airline_B,LAX,LAX,Воскресенье,Ноябрь,9,11,1.151410443936085,-9.885114019083773
Airline_B,DFW,ORD,Суббота,Февраль,21,23,1.7984535050511905,-50.95709131868799
Airline_B,JFK,JFK,Пятница,Август,9,10,1.7072283283354233,55.53162530549299
Airline_A,DFW,DFW,Воскресенье,Ноябрь,20,1,5.190381786297035,-7.851029814475095
Airline_A,DEN,DFW,Воскресенье,Февраль,14,19,2.366721908593799,-5.15055232107848
Airline_A,JFK,JFK,Вторник,Март,16,21,3.1058050248565143,13.297142942556386
Airline_A,DEN,JFK,Суббота,Октябрь,21,23,3.628206597093044,-0.1441555898186262
Airline_A,LAX,JFK,Пятница,Январь,5,6,2.12137192454862,-17.812846692040043
Airline_C,JFK,LAX,Суббота,Ноябрь,2,5,2.985934168624918,-37.69941751887145
Airline_C,DEN,LAX,Среда,Февраль,12,14,3.780682074687862,5.055402070002877
Airline_A,LAX,LAX,Среда,Июль,15,17,4.390238549583995,11.365008980684351
Airline_B,DFW,DEN,Суббота,Октябрь,7,8,1.5785639322793545,20.861317092051877
Airline_A,LAX,DFW,Вторник,Февраль,14,18,1.9113418162164089,57.381805509195665
Airline_C,ORD,DFW,Вторник,Июнь,16,18,3.554099280395826,-65.21306713241977
Airline_C,LAX,ORD,Суббота,Март,16,20,2.174498486397955,-2.0315159205811386
Airline_B,LAX,LAX,Пятница,Апрель,21,1,4.378703355581159,35.75213507464283
Airline_C,ORD,DEN,Четверг,Ноябрь,12,17,3.8431448650297453,-3.7356727331659374
Airline_A,DEN,DEN,Вторник,Август,16,17,1.6442130159896178,-70.14517361079811
Airline_B,DEN,DFW,Понедельник,Март,5,9,5.650724384333801,-38.73118724549762
Airline_A,LAX,LAX,Среда,Октябрь,16,17,2.8668214856884893,9.857095490319578
Airline_A,ORD,ORD,Суббота,Июнь,15,20,5.893973057462505,8.765918846500224
Airline_B,ORD,LAX,Понедельник,Январь,13,14,3.9197925717794364,20.175590950230625
Airline_A,DFW,JFK,Суббота,Июль,12,14,1.094849193253156,-23.430268306445527
Airline_C,DEN,LAX,Воскресенье,Август,5,9,4.544126001963101,7.7964970475789315
Airline_A,JFK,JFK,Среда,Ноябрь,2,3,5.740509521218319,-28.375899236889744
Airline_B,DEN,JFK,Среда,Август,13,16,4.756926845127014,7.798739809310733
Airline_B,DEN,ORD,Вторник,Март,13,14,1.6067162019700039,1.596365913106192
Airline_B,DFW,DFW,Вторник,Октябрь,14,18,5.166787335183674,-24.62580060488713
Airline_A,JFK,LAX,Понедельник,Январь,7,12,4.797420553941665,46.74550892288061
Airline_B,DFW,JFK,Воскресенье,Сентябрь,14,19,4.720111333514946,-51.16907850487161
Airline_B,JFK,LAX,Суббота,Июнь,21,1,5.086135771549037,-4.248629490315823
Airline_A,LAX,DFW,Воскресенье,Ноябрь,12,14,1.4638098246743763,-25.287166929729302
Airline_C,JFK,DFW,Среда,Сентябрь,16,18,4.173977399521804,55.026061075688226
Airline_A,DFW,DEN,Понедельник,Июль,20,1,3.337477045712972,17.951940228612564
Airline_B,DEN,DFW,Четверг,Январь,23,4,5.018081092205685,-19.47931126111169
Airline_B,JFK,ORD,Понедельник,Декабрь,2,6,2.400329868410758,-8.391458679611178
Airline_A,JFK,JFK,Пятница,Декабрь,5,7,2.5498769211562102,55.83772121941587
Airline_C,ORD,DEN,Понедельник,Январь,4,9,1.6195825928270868,-28.388268951900915
Airline_B,DEN,ORD,Воскресенье,Июнь,21,23,3.66349034512871,-52.933445166916755
Airline_B,LAX,LAX,Пятница,Май,16,21,4.83629131310246,8.730205873914425
Airline_B,DFW,JFK,Пятница,Сентябрь,22,23,2.21546290727573,9.409211022234606
Airline_A,LAX,DFW,Пятница,Февраль,1,4,1.1204818224384678,19.9810372016958
Airline_B,DEN,JFK,Четверг,Август,14,15,3.8515371718979257,20.178772826158575
Airline_C,JFK,LAX,Понедельник,Ноябрь,4,9,3.1566128148926498,53.12116952201398
Airline_B,JFK,DEN,Воскресенье,Май,19,22,1.9747600813361954,-51.54412471128107
Airline_B,DEN,DEN,Понедельник,Февраль,5,8,1.842538229398637,-36.08409583935999
Airline_C,JFK,DEN,Четверг,Октябрь,5,10,4.500876605889599,19.86610001838562
Airline_B,JFK,DFW,Среда,Ноябрь,17,22,1.9814214249220252,-33.16876505143321
Airline_A,JFK,ORD,Вторник,Ноябрь,17,19,4.097376729108004,-43.69763919778091
Airline_A,DFW,ORD,Воскресенье,Декабрь,3,8,4.303065761175102,55.97533656855812
Airline_A,DFW,JFK,Воскресенье,Июнь,16,20,5.638224415040612,-48.598263949928615
Airline_C,ORD,DFW,Понедельник,Октябрь,13,18,3.3500068684731787,-10.538161113319365
Airline_B,LAX,DEN,Вторник,Август,13,17,3.9283725519807917,-1.7810235369421332
Airline_A,DEN,DEN,Суббота,Апрель,12,17,3.0656260881778175,39.274099258898325
Airline_C,DEN,LAX,Суббота,Февраль,6,8,5.549411832060964,-56.06409174847412
Airline_B,DEN,LAX,Четверг,Декабрь,11,15,4.590866267395114,12.46425454518747
Airline_C,ORD,DEN,Суббота,Ноябрь,22,23,4.652728123777224,-26.711311747802334
Airline_A,DFW,DEN,Воскресенье,Май,14,18,1.2556662233318145,18.828336377773514
Airline_A,ORD,DFW,Суббота,Декабрь,18,20,5.364566427519865,-27.204231780805777
Airline_A,DEN,ORD,Среда,Февраль,10,14,1.8436805296649776,47.16918768557332
Airline_C,LAX,LAX,Среда,Февраль,14,19,5.19494276897016,-27.029100552787654
Airline_C,JFK,ORD,Среда,Июнь,11,16,1.8268678471733621,-73.8593911766975
Airline_A,DFW,DFW,Суббота,Ноябрь,2,4,2.5626554229027425,-23.665477492239035
Airline_C,DFW,DEN,Четверг,Октябрь,16,19,3.762187511194082,-7.839003317066849
Airline_A,ORD,ORD,Пятница,Сентябрь,2,7,3.7136073662634717,32.470616194869265
Airline_A,DFW,DEN,Пятница,Апрель,18,19,4.207511495384879,-37.752444916947624
Airline_B,DEN,DEN,Вторник,Июнь,19,21,2.568812736433873,-37.15938381342227
Airline_C,DEN,JFK,Пятница,Июль,3,7,3.8677231528050924,28.817337111269527
Airline_A,ORD,ORD,Пятница,Ноябрь,2,6,4.43211623680193,-41.25675353886618
Airline_A,DEN,ORD,Среда,Июнь,15,16,2.9665907702233167,-5.369503241750725
Airline_C,LAX,DEN,Среда,Август,11,16,3.452215100101718,-4.7595355040703655
Airline_B,ORD,DFW,Суббота,Апрель,7,9,1.1427856366678846,6.527386090288867
Airline_B,LAX,JFK,Вторник,Декабрь,23,0,5.389434680077673,-22.495446311478013
Airline_A,JFK,DEN,Понедельник,Январь,16,21,2.9517024063905373,-27.809831600236887
Airline_C,LAX,LAX,Воскресенье,Июль,6,8,4.319720849339854,10.046833252568767
Airline_B,JFK,LAX,Вторник,Март,10,14,2.868098159867063,-26.879875595093573
Airline_C,JFK,JFK,Вторник,Июнь,17,19,4.88125068168189,-40.79907570357524
Airline_C,LAX,DFW,Четверг,Февраль,0,3,2.350186524331961,36.83399963555056
Airline_A,ORD,DEN,Суббота,Сентябрь,2,4,4.083257658050632,14.642861441375471
Airline_B,DEN,ORD,Четверг,Январь,3,6,3.7245579091588183,53.025071872960204
Airline_A,DEN,JFK,Вторник,Июнь,12,14,1.311512299013986,23.519029536508377
Airline_B,JFK,DFW,Вторник,Июнь,5,8,3.782923614257572,-38.04430954894495
Airline_B,JFK,ORD,Вторник,Май,13,17,1.442654848260433,2.8910772017998716
Airline_B,ORD,LAX,Пятница,Май,4,9,3.4852667423426213,-30.46884764154738
Airline_B,DFW,LAX,Воскресенье,Январь,15,18,3.777909406748537,-49.54828790154851
Airline_B,LAX,ORD,Воскресенье,Октябрь,14,17,2.3823633310616277,-13.415981792099505
Airline_C,JFK,JFK,Четверг,Декабрь,14,18,5.443127345322915,29.445986258973633
Airline_A,DEN,LAX,Вторник,Май,3,6,4.3761904687696225,8.247381323625213
Airline_C,ORD,DEN,Воскресенье,Февраль,7,8,4.36734051527728,-41.72682393776313
Airline_B,LAX,ORD,Среда,Июль,15,19,4.525946576901459,-14.470247256382102
Airline_A,ORD,ORD,Воскресенье,Март,15,16,1.8087994445011506,-4.285997560259397
Airline_B,LAX,LAX,Суббота,Апрель,3,7,4.361768311922566,-50.67337361912534
Airline_A,LAX,JFK,Суббота,Март,12,15,4.524254720537737,21.395170957458365
Airline_C,JFK,DEN,Воскресенье,Март,12,13,2.6707273254426007,-6.862050787762552
Airline_A,ORD,JFK,Среда,Апрель,1,4,3.269439446303655,-41.717845827961725
Airline_A,ORD,DFW,Суббота,Май,2,6,4.277522804902393,-43.41520781223203
Airline_A,DEN,DFW,Пятница,Январь,21,0,5.933413127023455,33.01991834764833
Airline_A,DEN,LAX,Воскресенье,Апрель,7,8,4.723534573331088,-11.424390964371577
Airline_A,JFK,LAX,Пятница,Декабрь,23,0,1.5771866762233089,35.71056086869235
Airline_B,JFK,LAX,Воскресенье,Декабрь,14,17,1.647720054420612,47.16466439708146
Airline_A,DFW,DFW,Понедельник,Ноябрь,10,12,1.0292994431034184,30.673448185677728
Airline_A,DEN,JFK,Понедельник,Август,8,12,4.618102965561697,-16.002952398524723
Airline_C,LAX,JFK,Понедельник,Октябрь,6,10,2.5095088732242017,-74.93541358701842
Airline_A,ORD,LAX,Суббота,Июль,12,15,5.545749679779435,9.389889136044854
Airline_C,JFK,DEN,Пятница,Сентябрь,1,3,4.359423826830817,62.747291093356445
Airline_B,ORD,JFK,Пятница,Май,7,8,2.081473897712942,-1.061702345214753
Airline_A,ORD,DFW,Пятница,Октябрь,6,11,2.1933392336120523,-59.69446556397441
Airline_C,DFW,ORD,Среда,Апрель,23,4,4.950744713212671,-20.246354892903526
Airline_C,DEN,ORD,Пятница,Август,11,14,4.408699562270934,-5.511998243004145
Airline_B,JFK,ORD,Среда,Сентябрь,18,20,2.4666831558308644,-32.93965702259392
Airline_A,ORD,DEN,Понедельник,Июль,6,8,2.0527097898534388,-76.91861903939666
Airline_A,JFK,LAX,Понедельник,Июль,9,13,2.0375662295439807,-2.9355231064537484
Airline_C,LAX,DFW,Суббота,Май,15,16,4.717181447046758,-23.546287390728796
Airline_A,DFW,DEN,Воскресенье,Апрель,2,4,2.538094664121111,53.18074982699746
Airline_C,LAX,DFW,Понедельник,Октябрь,9,14,1.5087059842162667,3.0310046394838857
Airline_A,JFK,DFW,Воскресенье,Январь,5,6,4.243124530422668,14.087366906951754
Airline_C,JFK,LAX,Воскресенье,Октябрь,17,18,1.7447507316299222,-3.572584304881782
Airline_A,DEN,ORD,Суббота,Октябрь,17,20,3.168236579108492,2.811999095215599
Airline_B,ORD,LAX,Вторник,Июль,4,6,4.18993474366102,-49.5689786508643
Airline_A,ORD,DEN,Вторник,Январь,20,23,3.4607121713482756,-31.20498915663868
Airline_A,LAX,DEN,Четверг,Январь,6,8,2.286279862111941,32.658441039580566
Airline_B,DFW,DEN,Суббота,Май,1,5,2.2474629812331464,6.2838590919059065
Airline_A,ORD,LAX,Четверг,Сентябрь,10,13,5.645237644553331,-11.955207536475411
Airline_B,DEN,DFW,Четверг,Июнь,12,15,2.6509717452185444,14.585137243976218
Airline_A,LAX,DFW,Вторник,Март,22,3,3.824517069799929,15.1758572952178
Airline_C,LAX,JFK,Суббота,Март,4,7,2.417708566972976,59.726838988326215
Airline_C,DEN,DEN,Вторник,Июль,5,7,4.07308509102615,4.891990316567329
Airline_A,DFW,DFW,Четверг,Июнь,23,4,2.273666384921458,-31.875227265309025
Airline_A,DEN,JFK,Суббота,Сентябрь,13,16,5.980005463196817,-3.4708944874700287
Airline_A,DFW,DFW,Четверг,Июнь,11,14,2.596258575232702,18.2269688136413
Airline_C,DEN,DEN,Пятница,Май,3,7,3.70973708480102,29.86977034286107
Airline_A,DEN,ORD,Воскресенье,Октябрь,22,1,3.0073578296254144,-48.45095616383638
Airline_C,JFK,DEN,Суббота,Июль,5,6,2.518205732182521,7.611201584754397
Airline_B,LAX,LAX,Суббота,Январь,9,14,3.0375286575318032,-26.917647824943494
Airline_C,DEN,DFW,Воскресенье,Декабрь,17,18,3.569230212091448,-16.998957738583268
Airline_C,DEN,DFW,Четверг,Июль,14,19,5.920770849636075,25.37518872730176
Airline_B,ORD,LAX,Пятница,Март,7,11,4.968419130500408,22.387456182956964
Airline_C,LAX,LAX,Среда,Сентябрь,8,11,5.540552675388924,-20.344573835926766
Airline_A,ORD,ORD,Воскресенье,Июнь,4,7,1.4582048052522159,-4.735260631202496
Airline_A,LAX,DFW,Вторник,Сентябрь,9,12,5.945017094248494,-16.0824538536256
Airline_C,ORD,DFW,Четверг,Май,19,0,2.673609831996695,86.75108969870301
Airline_A,DEN,ORD,Воскресенье,Июль,5,8,4.06489927953841,8.350744993360882
Airline_C,DEN,JFK,Воскресенье,Апрель,15,16,2.465725577667498,-25.184447738183696
Airline_A,JFK,ORD,Суббота,Июль,23,2,1.240245018464304,39.665014386633786
Airline_A,ORD,DEN,Вторник,Январь,2,6,4.469804321448682,40.72384097049897
Airline_C,DFW,DFW,Вторник,Июль,9,10,3.4554655720063616,53.750121315706025
Airline_A,JFK,LAX,Вторник,Август,10,13,5.582144802814742,62.63981047530282
Airline_C,ORD,DEN,Воскресенье,Май,10,13,2.356770490349251,21.231446485983863
Airline_A,ORD,DFW,Среда,Февраль,16,18,1.1642704494559282,-10.49555231334384
Airline_A,JFK,ORD,Понедельник,Май,3,8,3.5037194345899563,-6.078503028129584
Airline_B,DEN,DEN,Четверг,Июнь,3,4,5.830202884345762,-8.762259048196293
Airline_B,ORD,DFW,Понедельник,Декабрь,16,18,3.664012228067602,-12.112661015370797
Airline_C,DEN,JFK,Воскресенье,Февраль,8,12,5.338367865925216,37.19810421865772
Airline_B,JFK,JFK,Понедельник,Июнь,18,23,4.935523022758857,0.021627208079276292
Airline_C,DEN,LAX,Воскресенье,Июнь,4,5,3.912207571249182,29.142655944486187
Airline_B,LAX,DFW,Понедельник,Январь,21,0,3.2093483993840985,20.295496643429694
Airline_A,DFW,JFK,Вторник,Январь,23,0,3.039417585120363,-32.95964889366251
Airline_C,ORD,ORD,Пятница,Ноябрь,5,8,4.741308708350762,-51.51530009586851
Airline_C,DFW,DFW,Вторник,Октябрь,2,7,1.8276102613491534,-37.099889000551954
Airline_A,DEN,ORD,Вторник,Март,21,0,5.967864565951356,-12.801191031923663
Airline_C,ORD,ORD,Суббота,Октябрь,0,4,3.8898363940883107,4.029843008036253
Airline_C,DEN,JFK,Суббота,Октябрь,19,22,4.600534768206415,-19.449009820331533
Airline_B,LAX,DFW,Понедельник,Декабрь,21,1,1.5300523392123808,21.091954402233046
Airline_C,JFK,DEN,Воскресенье,Март,15,20,5.027841051262587,-15.830555832508782
Airline_A,ORD,JFK,Вторник,Апрель,22,3,4.246656446844778,7.708723145518333
Airline_B,LAX,JFK,Понедельник,Февраль,10,11,5.459614751732927,3.5274504198565957
Airline_B,LAX,DFW,Суббота,Сентябрь,12,16,3.628503900083568,52.03299275362159
Airline_A,ORD,DFW,Пятница,Октябрь,9,13,1.5572518333184107,-29.257227753008184
Airline_A,DEN,ORD,Четверг,Декабрь,2,4,4.74263598968169,66.25257273464115
Airline_B,LAX,DFW,Понедельник,Ноябрь,8,10,1.2797669308870407,-17.83049558218814
Airline_C,DFW,ORD,Пятница,Июль,11,13,3.564952607652473,-40.20170671082428
Airline_B,LAX,JFK,Четверг,Июль,22,1,1.0881422433907921,-6.507449712796134
Airline_A,DEN,LAX,Среда,Июнь,13,15,1.413665523583207,97.20417445910422
Airline_B,DEN,DEN,Понедельник,Март,0,4,2.750160832954601,26.856157050558743
Airline_A,DFW,JFK,Понедельник,Июнь,17,20,1.693400853429044,18.08892310323785
Airline_B,LAX,DFW,Среда,Декабрь,16,21,5.990642737172179,23.855605849245613
Airline_C,DEN,DEN,Среда,Август,8,9,4.277891125987756,-23.087803935069214
Airline_B,ORD,LAX,Понедельник,Август,8,10,2.498189299173979,9.781331290975777
Airline_B,JFK,LAX,Среда,Ноябрь,22,3,4.3295304137739965,0.07506900951367898
Airline_A,JFK,ORD,Вторник,Сентябрь,9,13,4.440603114059175,54.2720024593323
Airline_A,JFK,DEN,Четверг,Январь,18,19,3.856950129869388,-3.2606314975995736
Airline_A,LAX,ORD,Четверг,Январь,14,19,3.6842090751884866,-11.348296337322253
Airline_B,DFW,JFK,Четверг,Март,4,5,2.882441191347582,-34.94398192107367
Airline_C,DEN,DEN,Вторник,Март,14,16,3.2035111083318863,4.200434606268455
Airline_A,ORD,JFK,Воскресенье,Октябрь,19,23,3.873361117841438,8.788555005565051
Airline_A,ORD,ORD,Среда,Август,22,23,3.0597622741783845,-36.04764564421553
Airline_B,LAX,DEN,Пятница,Октябрь,1,6,4.888599280437153,13.594908121817275
Airline_A,JFK,ORD,Среда,Январь,12,14,2.329073779460728,6.995385713845756
Airline_C,LAX,DEN,Понедельник,Февраль,23,1,4.3145876334140665,30.403372796512922
Airline_C,DFW,ORD,Суббота,Февраль,15,20,5.512088576698664,36.371043537057105
Airline_A,DFW,LAX,Четверг,Март,14,19,4.940690187723232,2.8283788084283805
Airline_A,DEN,ORD,Среда,Июнь,9,10,5.047781364681406,-31.090946523962867
Airline_B,DEN,LAX,Пятница,Январь,13,16,1.3522309750707453,-24.918647416339347
Airline_C,DFW,ORD,Понедельник,Февраль,9,11,1.8565719886833358,52.86382989237273
Airline_C,DFW,DEN,Вторник,Январь,13,14,5.396054477435467,4.964681793676808
Airline_A,DFW,DEN,Воскресенье,Май,22,3,5.199156897597067,52.38461338653172
Airline_B,LAX,DEN,Вторник,Июль,8,9,4.424794181331412,14.958144554616895
Airline_C,DFW,DFW,Пятница,Август,13,18,5.385552501491669,22.612069115353453
Airline_C,ORD,JFK,Понедельник,Октябрь,2,6,2.9154162014667033,28.16170848714478
Airline_B,JFK,DEN,Четверг,Январь,19,0,1.7619343757430972,-36.6941644322827
Airline_B,DFW,LAX,Среда,Июль,15,20,1.5051155557440064,9.208522503375784
Airline_C,JFK,DEN,Понедельник,Май,1,6,5.988370566721571,-37.109967040861875
Airline_C,LAX,DFW,Воскресенье,Октябрь,9,12,3.465277531275923,-8.547370436323945
Airline_B,JFK,LAX,Вторник,Январь,2,7,3.0582378308202753,19.20508908369151
Airline_C,LAX,DFW,Воскресенье,Март,10,12,5.262274321814985,-30.76001671597358
Airline_A,ORD,LAX,Воскресенье,Июль,10,12,2.4360704802193127,16.78011973583016
Airline_A,LAX,ORD,Пятница,Октябрь,20,21,3.15690262414612,-44.951069563975075
Airline_B,LAX,JFK,Пятница,Январь,20,23,5.947565126324043,34.29959471884706
Airline_B,DEN,JFK,Среда,Июль,21,22,2.766848897817773,-19.933115463160426
Airline_B,DFW,DFW,Пятница,Май,12,14,2.2682872004277725,-30.813522726563512
Airline_A,DFW,JFK,Пятница,Январь,6,8,4.5908045335179155,-43.06067747973242
Airline_C,ORD,DFW,Понедельник,Январь,22,2,2.7214491571095722,-17.38061498512976
Airline_A,ORD,DFW,Четверг,Январь,16,21,3.941278928906798,-57.22835420870398
Airline_C,DFW,DFW,Среда,Ноябрь,1,3,3.8816353491754105,-16.45197417324989
Airline_A,DEN,JFK,Понедельник,Сентябрь,11,12,5.515192226138214,32.984610759992435
Airline_C,DFW,DFW,Четверг,Ноябрь,9,10,5.7746526197930175,-5.661347992195018
Airline_A,DEN,JFK,Воскресенье,Март,17,22,2.562144753827585,-35.32555847719922
Airline_B,ORD,DFW,Понедельник,Май,21,2,1.55270389004554,6.787899497064245
Airline_A,JFK,DEN,Суббота,Ноябрь,10,14,4.1147419583381915,4.136873276247201
Airline_C,ORD,DFW,Понедельник,Октябрь,15,18,1.1261376580161522,58.69829887757149
Airline_A,ORD,LAX,Пятница,Декабрь,16,17,2.5295336150224577,23.72163055621218
Airline_A,LAX,DFW,Четверг,Сентябрь,18,23,2.2688615449790066,9.16794381518535
Airline_A,LAX,ORD,Среда,Июнь,17,18,1.0210369024604686,27.151996450786424
Airline_B,LAX,DFW,Среда,Декабрь,2,7,4.722839203900213,-4.031432045401875
Airline_A,LAX,LAX,Четверг,Сентябрь,20,22,1.0324865966901648,-2.262395427185983
Airline_B,DEN,LAX,Пятница,Август,15,16,5.595276841104054,49.76820910294696
Airline_B,DFW,JFK,Вторник,Август,5,7,3.539193794127314,-49.06737080448744
Airline_A,JFK,DEN,Понедельник,Январь,11,12,5.968814690577805,29.03836539422818
Airline_A,ORD,DFW,Пятница,Сентябрь,10,13,3.4842131393476414,-3.3237442706332745
Airline_A,DEN,JFK,Суббота,Июнь,14,18,2.0636014363777972,-8.74468263760056
Airline_C,JFK,DEN,Воскресенье,Сентябрь,14,16,4.551687967806462,-16.586878010811382
Airline_A,DEN,DFW,Четверг,Март,15,20,1.8410961706161015,4.610220616925644
Airline_B,DEN,ORD,Понедельник,Декабрь,9,12,4.99684928428144,-1.3058839951399899
Airline_A,ORD,DFW,Среда,Март,11,12,1.4303431736890726,-12.441071601809016
Airline_C,DFW,LAX,Воскресенье,Июнь,12,14,5.3202987424967425,-21.079732353499526
Airline_A,LAX,LAX,Вторник,Сентябрь,3,4,5.906653296951999,-57.15991357352806
Airline_C,DFW,ORD,Суббота,Июль,6,7,1.1912421290761213,-21.714112330550105
Airline_C,ORD,JFK,Среда,Март,21,22,4.615428915032926,-15.368854387829154
Airline_A,ORD,DEN,Четверг,Март,1,5,1.4057144241809478,4.53693216500526
Airline_B,ORD,DFW,Понедельник,Февраль,14,18,2.0410823649555554,58.89257654044514
Airline_C,JFK,LAX,Четверг,Сентябрь,7,12,5.347288474305698,-18.478685805402566
Airline_A,DFW,JFK,Воскресенье,Март,6,8,2.2652285225026745,-30.711925612415104
Airline_A,DFW,ORD,Понедельник,Ноябрь,14,17,5.686091153943487,-21.434882739092938
Airline_B,DEN,LAX,Пятница,Май,22,1,5.948790497691919,4.600343028063445
Airline_C,DEN,ORD,Вторник,Сентябрь,13,16,3.2680471873786376,17.65906379388818
Airline_C,DEN,DFW,Пятница,Август,7,8,2.811465939151682,21.850356392086287
Airline_A,ORD,DEN,Пятница,Февраль,11,15,2.0553598169384095,24.831239947027985
Airline_A,DFW,LAX,Четверг,Март,12,14,3.5381210100398133,29.07691762835924
Airline_B,ORD,LAX,Воскресенье,Февраль,10,11,4.070550063709895,-8.366509124195092
Airline_B,JFK,DFW,Вторник,Август,16,20,2.934032991130639,61.59420551223623
Airline_C,DEN,JFK,Понедельник,Июнь,16,20,1.7663512805573902,-10.643055634762925
Airline_C,ORD,DEN,Понедельник,Июнь,23,1,3.657949911204592,3.2802172902272724
Airline_A,ORD,LAX,Суббота,Декабрь,3,5,2.8238963816246643,38.874812153180756
Airline_C,JFK,DEN,Среда,Сентябрь,20,22,4.6475197955701635,16.992750839632972
Airline_B,LAX,LAX,Суббота,Август,7,8,2.9689443971742913,-67.22540232068215
Airline_B,DFW,DEN,Суббота,Апрель,4,9,5.713957947864771,0.16907490890558355
Airline_A,LAX,ORD,Понедельник,Декабрь,15,17,1.9246586095822469,25.858942682594595
Airline_B,DEN,LAX,Четверг,Апрель,3,8,3.517131892010638,-40.30410838588674
Airline_B,ORD,DEN,Пятница,Сентябрь,21,22,5.117064412981863,22.520783853869595
Airline_B,JFK,JFK,Воскресенье,Январь,14,19,4.528177721423017,11.704618200403594
Airline_B,JFK,ORD,Пятница,Февраль,11,14,5.126872828063093,35.51761451554119
Airline_A,DFW,ORD,Пятница,Февраль,4,9,5.592493479176405,-20.757939670159228
Airline_A,LAX,JFK,Вторник,Июнь,22,0,4.482493060527663,29.876802467677347
Airline_C,DFW,DEN,Понедельник,Апрель,15,16,5.622575397832781,4.788247422024945
Airline_B,ORD,DFW,Воскресенье,Ноябрь,13,15,3.0100469810548316,52.98150912156863
Airline_C,DFW,JFK,Четверг,Октябрь,9,12,2.194840491655364,83.58149813439975
Airline_A,JFK,DEN,Вторник,Март,6,8,5.4913304319121305,46.14991317157658
Airline_A,JFK,JFK,Среда,Март,12,14,3.9505035615891346,14.415560343246732
Airline_A,DEN,JFK,Четверг,Март,19,21,2.383609040355158,69.63011988185414
Airline_A,DEN,LAX,Суббота,Июнь,4,8,2.4243720260536348,18.10434125003951
Airline_A,ORD,DEN,Четверг,Август,2,5,5.7146960890066225,-27.23837140567849
Airline_A,LAX,DFW,Четверг,Ноябрь,14,16,3.603792757286118,-1.1781992085472588
Airline_A,DFW,LAX,Пятница,Июль,3,5,5.298926150098334,22.850165588850054
Airline_B,ORD,JFK,Четверг,Апрель,14,16,4.410816395567428,24.77862466860192
Airline_C,DEN,JFK,Суббота,Ноябрь,13,14,2.2176997988572325,-33.75794669422979
Airline_A,DFW,JFK,Суббота,Декабрь,19,23,5.966021459130209,-32.805968593790176
Airline_B,DEN,DEN,Понедельник,Апрель,18,19,2.1306343815573596,-10.23929538629545
Airline_B,DFW,DEN,Четверг,Ноябрь,12,16,3.3718367845664194,16.036308403685712
Airline_C,LAX,LAX,Пятница,Октябрь,9,11,1.0258389722200112,19.876876496397582
Airline_A,ORD,DFW,Четверг,Ноябрь,20,23,5.221779491933546,4.239153723144315
Airline_C,DFW,LAX,Среда,Ноябрь,4,9,5.780471138380155,-25.032862005529427
Airline_A,JFK,ORD,Среда,Ноябрь,22,3,2.2011752322888793,52.10828829057908
Airline_B,JFK,JFK,Пятница,Февраль,19,21,3.0800634025289657,-32.16174185529119
Airline_B,DFW,JFK,Понедельник,Январь,19,20,4.474453179844524,39.07022234561284
Airline_B,DFW,JFK,Понедельник,Сентябрь,5,8,3.0099692347345184,22.164698503510966
Airline_B,DFW,LAX,Суббота,Декабрь,3,7,5.084766154426333,38.409969116151856
Airline_C,JFK,LAX,Суббота,Декабрь,1,3,4.807625869562975,-13.332998787687508
Airline_A,JFK,JFK,Вторник,Февраль,21,0,3.7714733448596065,-4.279625942676126
Airline_A,DFW,LAX,Пятница,Август,15,18,1.915138820404896,1.6512767184313026
Airline_C,DEN,DEN,Четверг,Сентябрь,17,21,2.8545154359107494,-14.291932818045453
Airline_A,DEN,DEN,Воскресенье,Апрель,4,7,3.683175563239818,6.757753604852953
Airline_B,LAX,LAX,Пятница,Август,21,22,3.0523328573006627,47.37268368213623
Airline_A,ORD,JFK,Вторник,Сентябрь,3,4,1.7828486179866574,-38.90501541503919
Airline_B,DEN,LAX,Суббота,Октябрь,12,13,5.84551081084056,-19.716351246332703
Airline_C,JFK,LAX,Пятница,Октябрь,18,21,2.7990821457719544,-22.972359561187687
Airline_A,DEN,LAX,Пятница,Май,22,23,3.508479035308026,-2.8325478640814294
Airline_C,LAX,ORD,Суббота,Июль,1,5,4.232901838649481,-4.065788069366127
Airline_A,LAX,DEN,Вторник,Октябрь,12,15,3.8453299756887267,23.169437533221178
Airline_B,ORD,DFW,Суббота,Апрель,10,15,2.7271628097401384,1.0116930876412538
Airline_C,DEN,DFW,Понедельник,Январь,21,0,3.9807611743888516,9.086498301579072
Airline_A,JFK,ORD,Четверг,Март,3,7,1.155692597755933,11.953441365360023
Airline_B,JFK,LAX,Суббота,Май,21,2,3.225664583052055,7.362121836174346
Airline_C,DFW,ORD,Вторник,Март,19,22,3.2117981498815027,21.099391843727755
Airline_C,JFK,ORD,Среда,Декабрь,19,20,4.792539767621337,-3.669701463982355
Airline_A,ORD,JFK,Понедельник,Ноябрь,14,16,1.1869072964501182,49.39105188224993
Airline_A,ORD,DEN,Среда,Июль,3,5,1.066659829823306,76.24859540156376
Airline_A,JFK,DFW,Воскресенье,Декабрь,8,9,3.998560806585629,21.18692924301209
Airline_B,JFK,LAX,Суббота,Сентябрь,6,8,4.024817211445149,6.8397349112718295
Airline_A,DFW,DFW,Понедельник,Декабрь,18,20,3.8352440601588658,18.737469279517313
Airline_C,JFK,DFW,Четверг,Июнь,18,19,3.365366841550653,-33.03099257650933
Airline_C,DFW,DEN,Суббота,Октябрь,5,6,2.8416154597578154,5.403164023962447
Airline_A,DFW,DFW,Четверг,Январь,5,8,2.554620491211145,-21.93973820845826
Airline_A,JFK,DFW,Пятница,Июль,19,22,4.90163122948636,15.2993075172099
Airline_C,LAX,ORD,Среда,Март,14,15,5.926192986414627,-21.790779239314418
Airline_B,LAX,DEN,Понедельник,Май,14,18,2.009098181280776,-10.343323360766885
Airline_A,DFW,JFK,Четверг,Октябрь,19,21,5.075412175992788,-56.15912716569157
Airline_A,JFK,LAX,Вторник,Апрель,8,11,1.2503587295708556,-35.19737069843004
Airline_C,LAX,DFW,Четверг,Октябрь,3,5,2.6693154163635016,10.646214088081397
Airline_A,JFK,LAX,Вторник,Май,17,22,2.888272196511506,-26.065382349552912
Airline_B,JFK,JFK,Суббота,Май,17,18,4.459941951293962,31.9132195135673
Airline_C,JFK,LAX,Понедельник,Июнь,4,8,5.606973116274266,-28.61667265239937
Airline_A,DEN,JFK,Четверг,Октябрь,19,0,2.188499852795561,13.597635038573127
Airline_C,JFK,ORD,Воскресенье,Декабрь,22,3,2.8049668338816853,-22.856268869152757
Airline_A,DEN,DFW,Четверг,Октябрь,10,15,4.96732811135347,11.564093251005778
Airline_A,DFW,JFK,Воскресенье,Ноябрь,4,5,4.268598932914598,-46.04361987285419
Airline_A,LAX,LAX,Понедельник,Июнь,21,0,5.494825951600546,-13.595489268886746
Airline_B,LAX,DFW,Четверг,Август,3,4,1.086116110506374,-25.386398558632052
Airline_B,LAX,ORD,Вторник,Август,11,14,1.5591366564629685,26.4969772592694
Airline_C,LAX,DFW,Четверг,Ноябрь,1,6,3.5027834418466806,13.867873933626127
Airline_A,LAX,JFK,Среда,Сентябрь,12,17,2.1444364841550776,-36.97728163846447
Airline_A,LAX,ORD,Суббота,Август,9,13,5.442066213118075,-6.095422098626415
Airline_B,LAX,LAX,Пятница,Ноябрь,8,11,2.3341046520865634,-23.169535281685036
Airline_A,DFW,ORD,Вторник,Февраль,9,14,5.52183087530519,28.507715816056276
Airline_B,JFK,ORD,Среда,Декабрь,6,8,5.585654335428799,38.14572442961816
Airline_A,ORD,DEN,Воскресенье,Октябрь,3,7,5.008495578607209,-43.2493543953244
Airline_C,DEN,ORD,Суббота,Декабрь,18,19,2.7610059829495555,24.801089231444422
Airline_A,ORD,ORD,Понедельник,Ноябрь,9,13,4.713014291861741,-24.69888207773128
Airline_A,ORD,DFW,Вторник,Январь,2,4,2.3662863862065224,-7.587503181579575
Airline_B,JFK,LAX,Пятница,Октябрь,20,23,5.052935935568819,0.96762687182871
Airline_A,JFK,DFW,Суббота,Февраль,18,19,3.7549325397850506,54.49818490666418
Airline_A,JFK,DFW,Воскресенье,Февраль,20,21,1.9551751604781324,-30.115491810926557
Airline_B,LAX,JFK,Пятница,Декабрь,1,4,5.240151596022014,25.042491679299065
Airline_C,DFW,DFW,Понедельник,Март,19,23,3.323524613737038,-35.14513224508853
Airline_C,LAX,DEN,Понедельник,Октябрь,9,14,4.183812889481815,-37.21780754522203
Airline_B,DFW,DEN,Воскресенье,Июль,1,5,5.57693612334484,0.8539034525746497
Airline_B,DFW,JFK,Вторник,Февраль,1,3,3.154841394647455,0.6518847296916829
Airline_B,ORD,LAX,Воскресенье,Январь,23,4,5.3561939434613794,-84.9695495540776
Airline_B,ORD,LAX,Четверг,Июнь,16,20,2.6970130139342627,34.78788868126493
Airline_B,DFW,DFW,Понедельник,Сентябрь,15,18,3.5601159830093483,-64.17342373292553
Airline_C,DFW,DFW,Суббота,Март,15,17,2.3864625643279354,-4.378123083399046
Airline_C,LAX,DFW,Четверг,Июнь,13,15,2.4202496018075417,39.828463548159164
Airline_B,LAX,LAX,Среда,Март,6,8,3.5621108826232293,66.27551900066037
Airline_A,ORD,ORD,Пятница,Январь,20,1,1.0058647278871613,-10.891495910657394
Airline_B,JFK,DEN,Четверг,Декабрь,10,11,3.07850986845361,-42.98847250851263
Airline_A,DFW,ORD,Пятница,Май,23,4,1.8812580677630115,38.71644677303874
Airline_B,LAX,ORD,Воскресенье,Октябрь,0,4,5.077878989091291,25.954696503607863
Airline_B,ORD,LAX,Четверг,Ноябрь,10,11,5.706803596210505,-14.669768687354257
Airline_C,LAX,ORD,Воскресенье,Апрель,22,2,3.9200381641090525,-18.47212374627619
Airline_A,DFW,JFK,Среда,Июль,20,21,5.270683604301731,-21.521764909782945
Airline_A,DFW,DFW,Понедельник,Июнь,3,8,4.370491437059514,-10.337596072039004
Airline_C,DEN,JFK,Среда,Октябрь,6,8,2.5689214058447165,9.482044272048928
Airline_C,JFK,DEN,Понедельник,Июль,14,17,2.8817089696385847,-16.98043748210315
Airline_C,DEN,DFW,Воскресенье,Май,17,19,1.94190558726042,-13.187408266867212
Airline_C,ORD,ORD,Понедельник,Апрель,11,16,5.739563248111268,19.23837058231727
Airline_A,LAX,DEN,Пятница,Июль,16,17,1.0866197608546941,-44.47242423176618
Airline_A,ORD,DFW,Суббота,Июль,0,2,2.6691541555348506,-11.27807159740738
Airline_B,DFW,ORD,Среда,Июнь,10,15,2.410303721872662,-50.278230572973044
Airline_B,DEN,JFK,Четверг,Август,0,4,5.470700999491061,3.2523742005870395
Airline_C,DEN,DFW,Среда,Апрель,14,17,4.049148390345177,-58.18216224425624
Airline_C,DEN,ORD,Пятница,Октябрь,20,22,4.191062139346358,26.70030380479289
Airline_C,ORD,JFK,Понедельник,Май,9,10,5.790513607533648,-39.439121873760165
Airline_B,DFW,DEN,Пятница,Апрель,6,10,5.45395883304786,-53.17735696084363
Airline_B,LAX,DEN,Вторник,Декабрь,1,6,1.3016622416311487,-10.90839887704853
Airline_B,LAX,DEN,Вторник,Январь,9,12,5.384019073964958,51.33321875031151
Airline_B,ORD,DEN,Четверг,Декабрь,23,0,4.8543995133256805,21.33577360264727
Airline_B,DEN,LAX,Пятница,Август,3,8,5.748999017404957,-57.66942316361897
Airline_B,JFK,DFW,Воскресенье,Январь,11,16,1.2723153971810828,-40.29375802933623
Airline_B,ORD,DFW,Четверг,Май,18,20,1.1175018402123733,-11.868011197371215
Airline_C,ORD,LAX,Воскресенье,Июнь,10,12,1.2519982216440717,67.15059485312585
Airline_C,DFW,ORD,Четверг,Июнь,7,8,1.9207564510547337,-28.16862443906604
Airline_C,LAX,ORD,Вторник,Май,17,22,3.5815888378497553,-27.926557311095834
Airline_C,ORD,DEN,Четверг,Март,10,12,5.533480208744783,45.82288160640544
Airline_B,ORD,JFK,Вторник,Май,10,13,2.5963935996924614,5.847216157871273
Airline_A,DEN,ORD,Понедельник,Декабрь,12,15,5.3660282657465155,31.590000818962235
Airline_B,DEN,JFK,Воскресенье,Август,2,7,3.8071070203195125,-21.81298620527894
Airline_A,JFK,DFW,Пятница,Февраль,11,13,1.52328624930025,-3.049075431871581
Airline_C,DFW,JFK,Четверг,Июнь,2,3,3.1167479027687954,39.46895586564734
Airline_B,JFK,DFW,Вторник,Сентябрь,9,10,4.129065124829063,-4.345226302073997
Airline_C,DEN,LAX,Среда,Август,16,17,4.536859146502619,33.69159592579389
Airline_B,LAX,LAX,Воскресенье,Ноябрь,21,0,5.936570218070839,11.618019013035905
Airline_C,DEN,DEN,Четверг,Август,1,3,5.308352121676199,-31.188872352567564
Airline_A,DFW,ORD,Суббота,Август,16,18,2.869541168859218,-0.4895163703806846
Airline_A,DEN,DEN,Понедельник,Июль,15,18,2.7640955865788794,29.441519768251002
Airline_A,DFW,DFW,Понедельник,Август,1,2,4.247812442906907,20.082485735606554
Airline_B,DFW,DEN,Среда,Июнь,21,22,1.0363407483162423,-1.2075869526248468
Airline_A,DFW,JFK,Вторник,Февраль,19,0,3.101847265142383,-56.751431669144985
Airline_B,DFW,DFW,Четверг,Февраль,5,9,2.72849393384744,-53.87974444229149
Airline_A,DFW,LAX,Воскресенье,Август,9,11,2.1996697380406465,-47.499167688813486
Airline_A,LAX,ORD,Вторник,Ноябрь,9,11,1.3712709205053937,-15.313266202996529
Airline_B,JFK,DFW,Понедельник,Январь,7,9,1.501699166006425,-11.313536210803438
Airline_B,ORD,DFW,Вторник,Июнь,0,4,5.7254681684501625,-44.26234203282069
Airline_A,JFK,JFK,Понедельник,Июнь,12,17,3.1132312232591253,30.675383810880483
Airline_B,DFW,ORD,Вторник,Ноябрь,23,3,1.4063664052774616,-37.91307231661627
Airline_A,LAX,LAX,Среда,Апрель,8,9,2.4850729091426955,-41.11677126201029
Airline_B,DEN,DFW,Пятница,Декабрь,21,22,2.54082706397154,2.6470726165784595
Airline_C,LAX,DFW,Среда,Ноябрь,9,11,4.818360641395216,29.217153599796855
Airline_C,DFW,JFK,Среда,Ноябрь,14,17,1.171678195043217,61.645638594395
Airline_C,LAX,DEN,Пятница,Октябрь,4,6,5.8078314518266225,17.47635163509532
Airline_C,LAX,LAX,Пятница,Март,21,0,3.692878427696652,47.39489156170858
Airline_C,DFW,ORD,Четверг,Ноябрь,15,19,5.5558708141989595,-36.36169955179685
Airline_A,LAX,DFW,Воскресенье,Март,12,13,2.699527870402572,64.79217781982999
Airline_C,ORD,DFW,Воскресенье,Январь,21,0,5.412017738951656,-55.844533516664654
Airline_C,ORD,LAX,Четверг,Март,19,23,2.1383975859681246,-15.115177616630417
Airline_C,LAX,DEN,Среда,Апрель,17,18,2.665765240265367,16.81957558736325
Airline_C,DEN,DFW,Среда,Ноябрь,10,13,2.5246723066856225,-48.15651047087831
Airline_B,DFW,LAX,Понедельник,Ноябрь,8,10,2.6393748005427753,-27.81150275776001
Airline_A,ORD,JFK,Понедельник,Май,15,17,2.33799878102849,-32.57767587868903
Airline_C,DEN,DEN,Воскресенье,Март,1,3,4.9068665773398354,-9.306630217492037
Airline_C,LAX,ORD,Четверг,Июнь,1,5,5.587369868575577,42.64748570018022
Airline_C,DEN,DFW,Суббота,Ноябрь,11,13,4.085402484290874,0.5047519886343195
Airline_A,JFK,LAX,Суббота,Декабрь,7,12,4.449803990704429,-13.891918327020528
Airline_B,ORD,JFK,Четверг,Май,8,9,1.7563560547436343,-86.52973101534604
Airline_A,LAX,ORD,Понедельник,Март,11,15,1.7941345617322724,14.002656145157372
Airline_B,DFW,LAX,Воскресенье,Июнь,8,10,1.4945970527637589,23.700462269345373
Airline_C,LAX,LAX,Воскресенье,Июнь,9,10,3.894747570831301,-51.00059303430635
Airline_C,DFW,ORD,Понедельник,Август,1,4,1.2676684371942977,-2.0091707916756505
Airline_A,LAX,JFK,Суббота,Февраль,15,17,5.4105986972382665,5.790245709961408
Airline_A,DEN,JFK,Вторник,Январь,19,20,4.89859691056897,28.93805271911081
Airline_B,DEN,DEN,Вторник,Апрель,6,11,5.896256716471579,-21.74305374736422
Airline_B,DEN,DFW,Понедельник,Июль,1,4,1.685712768824681,-26.260810832543918
Airline_A,JFK,ORD,Вторник,Ноябрь,0,5,3.8589805471222203,-13.694918954050852
Airline_B,DFW,ORD,Пятница,Октябрь,18,19,3.088773266956233,38.533111583321514
Airline_A,DEN,ORD,Четверг,Март,3,8,4.864994976207776,31.3153632651801
Airline_B,JFK,JFK,Четверг,Март,23,0,5.320619906550227,-0.6403590651724105
Airline_A,DFW,DFW,Понедельник,Май,21,22,2.1783315124282163,30.593295815648645
Airline_A,LAX,DEN,Среда,Май,1,6,5.239369836342046,-71.06073620556475
Airline_A,JFK,LAX,Суббота,Октябрь,13,14,1.417968508013887,23.749626182805766
Airline_B,ORD,LAX,Понедельник,Март,1,3,2.251192004604467,-33.5629848844154
Airline_B,JFK,ORD,Вторник,Сентябрь,14,15,3.320567586016499,53.01073483187585
Airline_B,JFK,DFW,Суббота,Апрель,11,15,4.134978486071642,-31.927341357996724
Airline_A,DFW,JFK,Среда,Март,4,5,4.296176765558998,-25.582864957009342
Airline_B,LAX,DFW,Вторник,Ноябрь,19,23,3.572283814542001,16.872711903935347
Airline_B,ORD,DFW,Воскресенье,Февраль,6,7,1.441853708091064,19.768624043431092
Airline_A,DEN,JFK,Пятница,Октябрь,23,0,3.3467187612359113,-13.389962363015547
Airline_C,DEN,ORD,Вторник,Ноябрь,20,1,1.746452128857114,11.14212103269092
Airline_A,JFK,DFW,Пятница,Сентябрь,9,11,2.8935099713933177,14.861394459854607
Airline_B,DFW,LAX,Суббота,Апрель,13,15,3.756789222902397,11.79343968174102
Airline_A,DFW,JFK,Пятница,Март,13,16,1.3320007021176792,-12.136647526751878
Airline_C,DEN,DEN,Суббота,Июль,4,9,2.744442167837554,15.156330722570711
Airline_A,ORD,ORD,Суббота,Август,17,22,3.151980182474051,42.19111215049482
Airline_B,LAX,JFK,Суббота,Ноябрь,23,1,4.130317988091291,-36.7646543765648
Airline_C,ORD,DEN,Суббота,Февраль,13,18,3.345627037036159,-25.201801066254184
Airline_B,LAX,DEN,Суббота,Июль,1,3,5.807702369044057,0.8176689708173808
Airline_C,DEN,DFW,Вторник,Декабрь,11,16,3.246348247242302,-31.68672122004099
Airline_C,LAX,DFW,Суббота,Май,21,22,5.06325340889868,-54.10211202681782
Airline_A,DFW,DFW,Вторник,Ноябрь,23,1,2.131709535206355,32.79368927645869
Airline_A,JFK,JFK,Суббота,Май,5,7,3.8587449685295803,-66.86364798078749
Airline_B,JFK,JFK,Пятница,Март,3,7,2.6337832847472877,-12.071480925730063
Airline_A,DEN,ORD,Воскресенье,Май,12,17,2.253201163369977,22.76832959276012
Airline_A,DFW,DFW,Суббота,Декабрь,3,8,1.5552958253281814,8.00099368506217
Airline_C,ORD,DEN,Среда,Февраль,21,23,2.5275796224253506,-11.61748097936857
Airline_A,DFW,LAX,Суббота,Апрель,13,14,2.655435978440661,-32.92318729604877
Airline_C,JFK,ORD,Суббота,Июнь,15,16,3.233187554421616,10.316034394438113
Airline_C,JFK,JFK,Пятница,Январь,3,4,3.8644029871943975,-29.651833154006187
Airline_C,DFW,ORD,Четверг,Октябрь,23,4,4.309368562080013,7.97797758954787
Airline_B,DFW,ORD,Пятница,Апрель,0,4,1.6941316539762368,4.2275294470426905
Airline_B,JFK,ORD,Среда,Июнь,12,14,2.016124646372215,4.53098727165407
Airline_B,ORD,ORD,Четверг,Сентябрь,3,6,1.3726571298941472,-19.20956277538247
Airline_C,DEN,LAX,Понедельник,Ноябрь,19,23,5.351709817958808,61.050273280043676
Airline_B,DEN,DFW,Понедельник,Ноябрь,17,20,2.5434844285830147,10.746199016111243
Airline_B,DFW,DEN,Среда,Февраль,5,9,1.0727362617771965,-8.361267726589414
Airline_A,DEN,ORD,Пятница,Ноябрь,2,3,4.790131373726108,7.92811719185413
Airline_B,JFK,ORD,Вторник,Июль,22,3,4.217780801767568,-23.233849317729305
Airline_B,JFK,ORD,Среда,Июнь,12,15,2.67703781488201,-11.58913495433719
Airline_C,DFW,DFW,Воскресенье,Февраль,15,19,5.803212123244093,71.75759796358551
Airline_C,DFW,JFK,Четверг,Август,4,9,4.561876956241513,-23.021424193269258
Airline_C,DFW,JFK,Четверг,Июль,3,6,4.7408832067219855,-2.3331810079324864
Airline_C,ORD,LAX,Суббота,Ноябрь,20,22,5.661860312215006,-13.68314549249298
Airline_C,DEN,JFK,Понедельник,Май,7,11,1.3555297971520077,-31.189018284743387
Airline_C,DFW,ORD,Четверг,Декабрь,18,20,4.808858539033565,12.632549706594185
Airline_B,LAX,ORD,Среда,Май,13,14,3.294701369885528,1.0941652996262723
Airline_C,LAX,ORD,Четверг,Июль,6,8,4.5712129177515175,27.33081926999783
Airline_C,JFK,LAX,Среда,Сентябрь,13,15,1.7453977391415396,24.31733760990015
Airline_A,DEN,ORD,Вторник,Ноябрь,5,9,1.3789559098125075,27.02123157125987
Airline_B,DFW,JFK,Суббота,Сентябрь,11,12,2.302767607617425,-27.546101185529814
Airline_B,LAX,DFW,Понедельник,Сентябрь,15,17,3.4593460101728226,19.22882397609288
Airline_B,DEN,DFW,Четверг,Июнь,16,21,1.8179634943491536,19.958145188702833
Airline_C,JFK,DEN,Среда,Октябрь,12,15,5.929921763145665,-30.63188994620568
Airline_C,ORD,JFK,Пятница,Июнь,22,0,3.5450834128598903,-9.558487266817187
Airline_C,DEN,ORD,Понедельник,Март,13,14,3.6614662053236517,-43.68336289436905
Airline_A,DEN,DFW,Вторник,Январь,6,8,5.903273622238914,20.088678971408523
Airline_C,ORD,JFK,Среда,Июль,13,16,4.098546851412943,19.950674083319207
Airline_A,DEN,DFW,Воскресенье,Апрель,14,15,5.232078577866165,42.91088397355066
Airline_B,JFK,ORD,Воскресенье,Январь,11,15,5.708900006251582,-6.863955234430368
Airline_C,JFK,DFW,Суббота,Август,16,17,4.8237444619123,13.54408759691389
Airline_A,ORD,DEN,Суббота,Декабрь,8,12,4.857029028330578,29.632053030759252
Airline_A,DFW,DEN,Вторник,Июнь,21,22,4.415107176854932,-22.616745856640748
Airline_C,LAX,DFW,Вторник,Июнь,14,17,4.089339902291867,-27.178954239530977
Airline_B,DFW,JFK,Суббота,Февраль,11,14,4.43778147729962,-21.686556032284944
Airline_B,DEN,JFK,Четверг,Январь,1,2,5.230734590207054,-10.478864046156634
Airline_B,LAX,JFK,Четверг,Февраль,4,6,2.291196454996624,-26.116630669384598
Airline_A,ORD,DFW,Среда,Апрель,12,15,2.7722675568375057,-20.394831298836714
Airline_A,ORD,JFK,Пятница,Февраль,19,23,1.075527086025887,26.427455070997357
Airline_A,LAX,ORD,Среда,Январь,22,2,2.8275812174807022,-2.890398944828779
Airline_A,JFK,DEN,Пятница,Июль,7,12,2.427669085824169,9.200951209783078
Airline_B,LAX,ORD,Вторник,Ноябрь,13,17,5.596063931100595,-16.52150364355726
Airline_C,DEN,JFK,Понедельник,Ноябрь,14,19,4.089652231235679,-18.490962875470206
Airline_A,JFK,ORD,Среда,Декабрь,10,11,4.33735907835728,8.566676686211915
Airline_A,ORD,JFK,Среда,Август,0,1,5.089700919014846,3.7818698401021535
Airline_B,LAX,DFW,Пятница,Июнь,20,21,2.9615437228811095,23.339600349242072
Airline_C,DFW,ORD,Вторник,Апрель,2,4,5.80726164932625,39.047789940119785
Airline_C,DFW,DFW,Вторник,Июнь,16,18,1.4596327543564602,-20.742366128292144
Airline_B,DEN,DFW,Воскресенье,Март,18,23,4.223602548323671,25.835536132913425
Airline_B,DFW,LAX,Пятница,Декабрь,13,17,3.9334551052498523,-32.39418503079488
Airline_C,LAX,JFK,Вторник,Август,21,1,1.3445965957269719,62.21336048409851
Airline_A,LAX,DEN,Суббота,Октябрь,22,23,1.1609844316873748,-23.589121594149862
Airline_C,DFW,JFK,Четверг,Февраль,7,10,5.563164388453955,20.718917092702785
Airline_B,LAX,DEN,Воскресенье,Май,12,14,2.9437741203448162,-32.61721016233997
Airline_A,DEN,JFK,Суббота,Январь,19,21,4.003830290500322,-4.562726584403959
Airline_A,JFK,DFW,Понедельник,Июнь,2,3,3.2381248432539986,46.37199426460549
Airline_B,DEN,ORD,Среда,Февраль,4,6,1.9384476404104076,-24.53112455958218
Airline_B,DEN,ORD,Воскресенье,Апрель,8,9,3.171085966857162,66.12558503658668
Airline_B,LAX,LAX,Понедельник,Июнь,5,10,2.11324345163982,-0.1582679132713721
Airline_C,JFK,DEN,Среда,Октябрь,21,1,2.5701872157998045,29.27137613947997
Airline_C,LAX,DEN,Четверг,Ноябрь,1,4,3.86184382329483,12.088337205108095
Airline_A,ORD,DEN,Вторник,Август,12,16,4.477109817693926,13.71120196789101
Airline_B,LAX,DFW,Суббота,Декабрь,4,8,2.9945642566845248,-42.78341151429314
Airline_A,LAX,DEN,Пятница,Август,7,12,3.679171699537993,-14.185583789341385
Airline_A,LAX,ORD,Суббота,Ноябрь,22,0,1.0740749072104476,35.87929387451111
Airline_A,JFK,DFW,Четверг,Июнь,0,3,3.9928321316819755,-10.329636053099911
Airline_A,LAX,JFK,Понедельник,Апрель,19,21,3.4078942367801903,4.1649624815344
Airline_B,JFK,DEN,Пятница,Август,11,15,5.287402533845483,-46.42266385107453
Airline_A,DFW,DEN,Вторник,Август,22,23,2.5578791835778856,-16.127308230022326
Airline_B,ORD,JFK,Четверг,Октябрь,10,14,4.304307591820864,33.69117892894396
Airline_B,JFK,DEN,Пятница,Январь,6,8,4.086457507120152,-38.47888295780821
Airline_C,DFW,JFK,Четверг,Апрель,14,18,5.001428343079176,21.51237110988492
Airline_B,JFK,DFW,Четверг,Апрель,21,22,4.449583352920262,5.333344157549567
Airline_C,JFK,ORD,Вторник,Июль,23,4,3.8368634222265925,-7.078664580695355
Airline_B,ORD,JFK,Воскресенье,Ноябрь,10,12,5.572315185630076,-8.397736269660218
Airline_B,DEN,LAX,Среда,Июль,21,1,1.9992072989434408,-14.730890942339624
Airline_B,DEN,JFK,Пятница,Ноябрь,15,17,2.2868466456472,-12.059129161708883
Airline_C,JFK,DEN,Вторник,Август,2,7,2.2804550647600554,27.892206744334718
Airline_C,LAX,DFW,Четверг,Ноябрь,19,23,2.159749460233944,-12.961314427343229
Airline_A,DFW,DFW,Вторник,Май,13,17,3.164063588265335,54.22770966576922
