Время вылета,Время прилета,Продолжительность полета
1.4787557415720038,-1.5623125010883332,-0.9521757996999913
1.6257785832474865,-1.7070380685814626,-0.465965618009056
-0.5795640418847524,-0.2597823936501675,-1.255969199951734
-1.4617010919376479,-0.693959096129556,1.185913758575572
0.8906643748700735,1.0427477137879981,-1.7214688148474082
1.0376872165455562,1.1874732812811277,0.5018208351743529
-1.1676554085866828,-0.8386846636226856,-0.4399418421183547
-0.4325412002092698,0.3191198763223506,0.755484357204946
0.5966186915191083,1.1874732812811277,0.8165250663489018
0.30257300816814314,1.0427477137879981,-0.20033561621398188
1.4787557415720038,-1.5623125010883332,0.12074415290110303
-0.7265868835602349,-0.5492335286364265,0.33519753795736557
0.30257300816814314,0.7532965788017392,-0.8128759968084668
1.1847100582210386,-1.7070380685814626,0.7510211756813152
0.15555016649266054,0.6085710113086097,-0.2774775546888927
1.0376872165455562,-1.7070380685814626,-0.5019054808275741
-0.8736097252357176,-0.404507961143297,0.47892190498525905
1.1847100582210386,-1.7070380685814626,1.4633766760421736
1.4787557415720038,-1.4175869335952036,1.2917463883162006
-0.13849551685830463,0.4638454438154801,0.7296894650515284
0.5966186915191083,1.3321988487742573,-0.9989452964699167
0.5966186915191083,1.1874732812811277,0.32741170913537576
-0.4325412002092698,-0.2597823936501675,0.9474683461929996
0.8906643748700735,1.4769244162673867,-0.19166834422585394
0.15555016649266054,0.6085710113086097,1.5796537648798523
-0.2855183585337872,0.17439430882922108,0.3152123874605493
-1.6087239336131305,-1.1281357986089446,-0.2320945537036368
0.7436415331945909,1.4769244162673867,0.49985746450787893
-0.8736097252357176,-0.404507961143297,0.08147823028903664
-0.13849551685830463,0.6085710113086097,1.6809101397347723
-1.6087239336131305,-0.8386846636226856,0.25718636694848485
1.0376872165455562,1.6216499837605163,1.3595960671794762
0.7436415331945909,0.8980221462948687,0.1733425081209519
-1.0206325669112002,-0.404507961143297,1.1045792390458593
1.6257785832474865,-1.272861366102074,0.2999917205103877
-0.4325412002092698,0.3191198763223506,0.2909026089828027
1.0376872165455562,-1.7070380685814626,-0.9598530037713758
0.30257300816814314,0.7532965788017392,1.2182732889228398
-1.1676554085866828,-0.693959096129556,1.0798570007725599
1.0376872165455562,1.6216499837605163,1.199028384536759
-1.4617010919376479,-1.1281357986089446,-1.201424356652395
-1.1676554085866828,-0.8386846636226856,-0.11617279303175086
-0.7265868835602349,-0.2597823936501675,1.071689598687377
-0.7265868835602349,-0.404507961143297,-1.5304884458526313
-0.7265868835602349,-0.2597823936501675,-0.3918912062603995
-0.13849551685830463,0.6085710113086097,1.4476799133716949
1.6257785832474865,-1.272861366102074,1.2993621021328623
1.4787557415720038,1.6216499837605163,-1.6525247409077655
-0.7265868835602349,-0.11505682615703795,0.30606176493988363
-0.2855183585337872,0.17439430882922108,-0.5034020920486789
0.15555016649266054,0.6085710113086097,1.205807702220657
-0.7265868835602349,-0.11505682615703795,-0.3302882860349312
1.6257785832474865,-1.4175869335952036,-1.0342495234097597
-0.4325412002092698,-0.11505682615703795,0.39928115376703227
-0.8736097252357176,-0.5492335286364265,0.7190790855982451
0.5966186915191083,1.0427477137879981,-0.4284422249507733
-1.3146782502621652,-0.8386846636226856,-1.4231567069155262
0.008527324817177965,0.3191198763223506,-0.48805336647929465
-1.3146782502621652,-0.8386846636226856,-0.7638597118464682
-1.1676554085866828,-0.693959096129556,-1.2760076210092484
1.3317328998965212,-1.5623125010883332,-1.2598304054767206
-1.3146782502621652,-1.1281357986089446,-0.25812038913206936
0.7436415331945909,1.0427477137879981,-0.1280505379653922
-1.0206325669112002,-0.404507961143297,-1.3255213362493758
1.6257785832474865,-1.7070380685814626,0.36477119659242524
1.6257785832474865,-1.4175869335952036,0.5667979294363616
1.4787557415720038,-1.5623125010883332,-0.7020987752757055
1.3317328998965212,-1.5623125010883332,1.7022877687026217
-1.6087239336131305,-1.1281357986089446,-0.7439608773571957
1.4787557415720038,-1.272861366102074,-0.5067309021464993
-0.2855183585337872,0.3191198763223506,1.3104110159020368
0.15555016649266054,0.3191198763223506,-1.2150147083056613
-1.1676554085866828,-0.5492335286364265,0.7292526901746166
-1.0206325669112002,-0.693959096129556,-0.45773308700930276
-0.4325412002092698,0.17439430882922108,1.2957372839286474
-0.7265868835602349,-0.2597823936501675,0.04080430629555032
0.15555016649266054,0.6085710113086097,-0.6359572884858936
1.6257785832474865,-1.1281357986089446,0.6055876086431479
-1.4617010919376479,-0.693959096129556,-1.6679637651586434
-0.13849551685830463,0.6085710113086097,-1.0085944102259923
0.4495958498436257,0.6085710113086097,-1.0620025082446458
1.4787557415720038,-1.272861366102074,1.6170642746439368
0.5966186915191083,0.7532965788017392,-0.21469864745097916
-1.7557467752886131,-0.983410231115815,-0.23204211569810895
1.4787557415720038,1.6216499837605163,-1.2569389225867265
-0.4325412002092698,0.17439430882922108,0.5379543388258108
1.4787557415720038,-1.4175869335952036,-1.4166958317538514
-0.4325412002092698,0.029668741336091563,-0.9606989803598747
1.1847100582210386,1.3321988487742573,-0.406921196685769
1.6257785832474865,-1.5623125010883332,0.21256866323561724
-1.6087239336131305,-1.1281357986089446,0.9156720995782653
-0.5795640418847524,0.029668741336091563,1.292841535607924
1.3317328998965212,1.4769244162673867,0.8452175611985384
0.008527324817177965,0.7532965788017392,-0.9736432233476129
0.4495958498436257,0.7532965788017392,1.016273964086351
0.7436415331945909,1.3321988487742573,0.3295373486407809
0.8906643748700735,1.3321988487742573,0.7231309302499491
-0.13849551685830463,0.029668741336091563,1.3266149248797956
-0.7265868835602349,-0.404507961143297,-0.7137574146081714
0.5966186915191083,0.7532965788017392,0.3208477552776861
0.30257300816814314,1.0427477137879981,1.3038949869518117
-0.4325412002092698,0.029668741336091563,-0.5747960659608248
0.30257300816814314,0.4638454438154801,1.3177923728892553
0.30257300816814314,0.8980221462948687,1.5189035399382924
1.4787557415720038,-1.5623125010883332,0.47752409057292783
-0.8736097252357176,-0.2597823936501675,-0.5087555572970975
0.008527324817177965,0.17439430882922108,0.7244017457316979
0.5966186915191083,1.0427477137879981,-1.6218053122021647
-0.5795640418847524,0.029668741336091563,-1.6037747132124105
-0.7265868835602349,0.029668741336091563,-0.6373383497189045
1.0376872165455562,-1.7070380685814626,1.5867823995173893
1.1847100582210386,1.3321988487742573,0.6043684337356863
0.7436415331945909,1.1874732812811277,0.4950851855383541
0.008527324817177965,0.3191198763223506,-0.47133647521154387
0.4495958498436257,0.8980221462948687,-0.6086935932931596
-0.5795640418847524,0.17439430882922108,-1.4569556472442287
-0.13849551685830463,0.4638454438154801,-0.04005278261650984
-0.13849551685830463,0.17439430882922108,-0.9317016501845982
-1.0206325669112002,-0.8386846636226856,0.05643208778857387
0.8906643748700735,1.1874732812811277,-0.8243920423775424
-0.8736097252357176,-0.693959096129556,1.7018853620421683
-1.4617010919376479,-1.1281357986089446,1.3438336714655594
0.4495958498436257,0.6085710113086097,-1.4306988031534467
0.7436415331945909,0.8980221462948687,-1.375152428866951
0.4495958498436257,0.7532965788017392,0.25784046242085656
1.4787557415720038,-1.7070380685814626,-0.5173160288408231
-0.8736097252357176,-0.693959096129556,0.6290291507327236
-1.3146782502621652,-0.5492335286364265,-1.2689810058564066
-0.7265868835602349,-0.404507961143297,0.7228765323611784
0.008527324817177965,0.4638454438154801,0.6576733179248642
0.008527324817177965,0.6085710113086097,-0.9399959354940711
0.5966186915191083,0.7532965788017392,-0.056698688500336665
0.5966186915191083,0.7532965788017392,-0.9028316330392403
-1.1676554085866828,-0.5492335286364265,-1.1327355846645464
-1.0206325669112002,-0.2597823936501675,0.5486450782408123
0.8906643748700735,1.4769244162673867,-0.4121181647916846
0.008527324817177965,0.3191198763223506,-0.7033103207290023
0.15555016649266054,0.7532965788017392,-0.6348975030360106
1.3317328998965212,1.4769244162673867,-1.391067181952348
-1.3146782502621652,-0.693959096129556,-0.28908884238453547
-0.8736097252357176,-0.404507961143297,-0.8125287732024489
-0.7265868835602349,-0.404507961143297,-1.6993370743848875
0.008527324817177965,0.6085710113086097,0.7483820902738587
-1.0206325669112002,-0.8386846636226856,1.320696240977949
-1.0206325669112002,-0.693959096129556,-1.2277997722060232
1.6257785832474865,-1.7070380685814626,1.1634309413620958
1.1847100582210386,-1.5623125010883332,-0.9592715342080576
-1.4617010919376479,-0.983410231115815,-0.7913351127815131
-1.4617010919376479,-0.693959096129556,-1.124578460915963
0.008527324817177965,0.4638454438154801,1.5037625636265515
1.3317328998965212,-1.5623125010883332,-0.7825888369966382
-1.6087239336131305,-1.272861366102074,0.6749729957954328
0.4495958498436257,1.0427477137879981,-0.3204633146739969
1.3317328998965212,-1.7070380685814626,0.3049497418364879
-1.0206325669112002,-0.5492335286364265,-0.6106809016203811
-0.7265868835602349,-0.2597823936501675,1.2085353254650761
1.4787557415720038,1.6216499837605163,-0.6666667844051495
-0.7265868835602349,-0.404507961143297,1.0863360084900011
-1.0206325669112002,-0.404507961143297,0.9865563573563579
0.15555016649266054,0.7532965788017392,1.13169673245859
-1.4617010919376479,-0.693959096129556,-0.6234459850914194
-0.4325412002092698,0.029668741336091563,0.48616207757808894
-1.4617010919376479,-0.983410231115815,-1.2697714061488625
-0.13849551685830463,0.3191198763223506,0.16063860106571157
0.5966186915191083,1.1874732812811277,-0.6058099082299456
-1.1676554085866828,-0.404507961143297,-0.6467373008584999
1.0376872165455562,1.1874732812811277,-0.4536531110442993
-0.5795640418847524,-0.2597823936501675,0.37027963093094884
1.1847100582210386,1.3321988487742573,-1.5383451628198934
1.0376872165455562,1.6216499837605163,1.18275327730358
-0.8736097252357176,-0.404507961143297,-1.0819087375351162
1.3317328998965212,1.6216499837605163,0.586142905424958
-1.3146782502621652,-0.693959096129556,-0.5646930906601163
0.008527324817177965,0.6085710113086097,0.09666643053004528
0.008527324817177965,0.6085710113086097,-0.9262663827879044
-0.4325412002092698,-0.11505682615703795,1.1763003659889317
0.7436415331945909,1.0427477137879981,-0.18357281868752956
0.5966186915191083,1.3321988487742573,-0.7880043611095386
1.0376872165455562,-1.7070380685814626,-0.2161919810255161
1.0376872165455562,1.1874732812811277,-1.7545558978707332
0.008527324817177965,0.3191198763223506,0.926510608596935
0.5966186915191083,0.8980221462948687,-0.4028478491851207
1.3317328998965212,1.6216499837605163,1.2475497601403582
-1.3146782502621652,-0.5492335286364265,-1.533071503633888
-1.7557467752886131,-1.1281357986089446,-1.0686568175374396
-1.7557467752886131,-1.272861366102074,-1.2956882845071838
0.30257300816814314,1.0427477137879981,1.5836568047261348
0.008527324817177965,0.3191198763223506,-0.9717454117377095
0.5966186915191083,1.3321988487742573,1.1211949735787654
1.6257785832474865,-1.7070380685814626,0.16985061407771304
-0.7265868835602349,-0.404507961143297,1.4383769295904183
0.7436415331945909,0.8980221462948687,-0.3477984466081232
0.008527324817177965,0.3191198763223506,-0.6411472987083516
1.4787557415720038,-1.272861366102074,-0.16437818183925695
0.15555016649266054,0.7532965788017392,-0.8174578644154281
-0.7265868835602349,-0.2597823936501675,-0.538909562795419
-0.7265868835602349,-0.5492335286364265,0.8789581797325149
0.30257300816814314,1.0427477137879981,-0.795485906757014
0.008527324817177965,0.6085710113086097,0.2789548808606846
-0.8736097252357176,-0.11505682615703795,0.5980021664985647
-1.1676554085866828,-0.983410231115815,0.85179899318109
0.5966186915191083,1.0427477137879981,-0.7374705240933961
0.4495958498436257,1.1874732812811277,1.6337338883359633
1.4787557415720038,-1.7070380685814626,1.6408391327113578
-1.6087239336131305,-0.983410231115815,0.3763854372096678
1.3317328998965212,-1.4175869335952036,-0.42307284913061804
0.7436415331945909,1.3321988487742573,1.5837227562733522
0.5966186915191083,0.8980221462948687,-0.5239200805539395
-0.8736097252357176,-0.404507961143297,-0.9340252542760042
0.008527324817177965,0.4638454438154801,0.874918261674437
0.7436415331945909,1.0427477137879981,0.9061857065005365
0.15555016649266054,0.7532965788017392,-1.5673557107649814
0.7436415331945909,1.4769244162673867,1.671749061014684
0.008527324817177965,0.3191198763223506,1.044921024317919
-0.2855183585337872,-0.11505682615703795,1.114417467078446
1.1847100582210386,-1.7070380685814626,-0.005543241207965304
1.1847100582210386,1.6216499837605163,-0.6736240781567038
0.4495958498436257,0.7532965788017392,0.7637999766562446
1.4787557415720038,-1.5623125010883332,1.0220741568334741
0.5966186915191083,1.1874732812811277,-1.1011131186652925
-0.7265868835602349,-0.2597823936501675,1.04125893289797
0.8906643748700735,1.1874732812811277,-0.9742087875068751
1.0376872165455562,1.6216499837605163,-1.0638481453795299
0.30257300816814314,0.4638454438154801,0.709416770801214
-0.5795640418847524,-0.2597823936501675,0.26861468193962906
1.0376872165455562,-1.7070380685814626,0.7782461153426385
-0.4325412002092698,-0.11505682615703795,1.5817240658594731
-0.13849551685830463,0.4638454438154801,-1.7589808424191975
1.1847100582210386,1.4769244162673867,0.6921601500175599
1.4787557415720038,1.6216499837605163,-0.059736474905742326
1.0376872165455562,1.1874732812811277,0.6622584538855403
-1.7557467752886131,-0.983410231115815,-1.0234219935271
1.0376872165455562,1.4769244162673867,1.4857117667138897
-0.5795640418847524,0.029668741336091563,1.3598356391456707
1.3317328998965212,-1.5623125010883332,1.5417772382663337
0.30257300816814314,0.7532965788017392,1.3473811952818662
-1.7557467752886131,-1.5623125010883332,1.1140509719918403
-0.13849551685830463,0.029668741336091563,1.4605814015376035
-1.4617010919376479,-1.1281357986089446,-1.6484626888929643
-0.2855183585337872,0.4638454438154801,0.22702597185260803
-1.6087239336131305,-0.8386846636226856,1.436171841411608
0.4495958498436257,1.1874732812811277,-0.26976215257271585
-0.5795640418847524,-0.2597823936501675,1.6787494603290072
0.30257300816814314,1.0427477137879981,0.6757324230123951
-0.13849551685830463,0.3191198763223506,1.060923968552107
-1.7557467752886131,-1.4175869335952036,-0.6381702029292871
0.008527324817177965,0.4638454438154801,-1.5923284106525757
0.15555016649266054,0.4638454438154801,0.8739278976987888
-0.7265868835602349,0.029668741336091563,0.8837419678031722
-0.7265868835602349,-0.2597823936501675,-0.3935832936547301
-0.13849551685830463,0.3191198763223506,1.3588972837318893
-1.7557467752886131,-1.272861366102074,-1.4521826178113812
-0.2855183585337872,0.029668741336091563,0.8390454104883874
-0.7265868835602349,-0.11505682615703795,-1.6761890689498709
-0.4325412002092698,0.3191198763223506,0.6955639538472058
0.8906643748700735,1.3321988487742573,1.389723325429176
-0.2855183585337872,0.3191198763223506,0.37781380151974736
-0.8736097252357176,-0.11505682615703795,0.6060051770803049
-0.2855183585337872,0.4638454438154801,0.2137518835916556
0.5966186915191083,1.0427477137879981,1.6049912752203412
-1.7557467752886131,-1.272861366102074,-1.0046501597971846
1.1847100582210386,1.4769244162673867,-1.0105661153050056
1.1847100582210386,-1.7070380685814626,1.192761408271858
-0.7265868835602349,-0.11505682615703795,-0.46595004948783453
1.4787557415720038,-1.5623125010883332,1.0998257454897955
1.6257785832474865,-1.1281357986089446,-0.5734563866500245
-1.0206325669112002,-0.5492335286364265,-0.30868763751973094
1.3317328998965212,-1.4175869335952036,-0.6407368712912888
0.7436415331945909,1.4769244162673867,0.562996333356675
-1.0206325669112002,-0.5492335286364265,1.558285040030932
-1.1676554085866828,-0.983410231115815,-1.605879440646578
0.008527324817177965,0.6085710113086097,-1.324201779186074
0.8906643748700735,1.6216499837605163,1.1739975885212426
1.3317328998965212,-1.4175869335952036,0.1167654391146206
-0.7265868835602349,-0.5492335286364265,-0.4667058191047413
-0.5795640418847524,-0.2597823936501675,-0.2908801493941585
0.5966186915191083,0.7532965788017392,-1.1662487017599437
-1.4617010919376479,-1.272861366102074,1.422598217774766
0.8906643748700735,1.6216499837605163,1.0985809150623635
-0.2855183585337872,0.3191198763223506,-0.08197909308039071
1.6257785832474865,-1.7070380685814626,-0.26722232496919335
0.5966186915191083,0.8980221462948687,-0.5871049803607536
1.1847100582210386,1.6216499837605163,0.8427911868656781
0.8906643748700735,1.0427477137879981,0.3891524140585628
-1.6087239336131305,-1.4175869335952036,-0.722006411214753
-0.7265868835602349,-0.404507961143297,0.8815212448652892
0.8906643748700735,1.4769244162673867,-1.1179255960872554
-0.8736097252357176,-0.693959096129556,0.6723651693726229
0.5966186915191083,0.7532965788017392,-0.41349684685138133
-1.0206325669112002,-0.404507961143297,0.6877657350424097
0.8906643748700735,1.1874732812811277,1.2841009139575792
1.6257785832474865,-1.7070380685814626,0.21022203709523674
-1.0206325669112002,-0.404507961143297,-1.4257689890241807
-1.6087239336131305,-1.4175869335952036,1.3380814924898439
-1.0206325669112002,-0.5492335286364265,1.35086949311627
1.4787557415720038,-1.272861366102074,-0.48538634675709913
-1.1676554085866828,-0.693959096129556,0.19892635963891367
0.8906643748700735,1.0427477137879981,-0.0986652392538197
1.0376872165455562,1.3321988487742573,-1.536688420844386
-1.3146782502621652,-0.5492335286364265,-0.7318782788185408
1.3317328998965212,-1.7070380685814626,-1.3703451337478496
0.5966186915191083,1.1874732812811277,0.48121826842652904
-0.2855183585337872,0.029668741336091563,1.561786720757187
-1.3146782502621652,-0.8386846636226856,-1.4302840022092582
0.008527324817177965,0.6085710113086097,1.2423228317615929
1.0376872165455562,1.1874732812811277,-0.9993826032944919
0.5966186915191083,1.1874732812811277,0.4815711021860502
-0.5795640418847524,-0.11505682615703795,-0.41419011694471475
-1.3146782502621652,-0.8386846636226856,0.5275930412892773
1.4787557415720038,1.6216499837605163,0.4329572840944087
0.15555016649266054,0.7532965788017392,1.3302810678583792
0.8906643748700735,1.4769244162673867,-0.8602726482511301
-1.4617010919376479,-1.272861366102074,-1.0491605209198538
0.15555016649266054,0.7532965788017392,-1.5437420723943078
-0.7265868835602349,-0.5492335286364265,-0.6956324172768261
1.6257785832474865,-1.5623125010883332,-1.3849739965283252
-1.7557467752886131,-1.272861366102074,-0.13128549448491939
-0.4325412002092698,-0.11505682615703795,-0.06825271049622808
0.7436415331945909,1.4769244162673867,0.2917116257876966
0.4495958498436257,1.1874732812811277,-0.811467904025547
-0.7265868835602349,0.029668741336091563,-0.8942125897350552
-1.7557467752886131,-1.5623125010883332,-1.5990883896018249
-0.13849551685830463,0.4638454438154801,0.6336376589528921
-0.7265868835602349,-0.404507961143297,-1.240625868759845
1.6257785832474865,-1.5623125010883332,-0.2358754397047809
0.4495958498436257,0.7532965788017392,-1.2755126453702135
0.7436415331945909,1.0427477137879981,0.33035484441566526
-1.3146782502621652,-0.5492335286364265,-0.7825823400520342
-1.0206325669112002,-0.693959096129556,-1.2292723086055302
-0.13849551685830463,0.4638454438154801,-0.143667825754757
-0.5795640418847524,0.17439430882922108,0.012625300922167407
0.30257300816814314,0.6085710113086097,-0.9311996008374732
0.4495958498436257,0.6085710113086097,-1.2527989740595236
1.6257785832474865,-1.4175869335952036,0.3519779681820601
-0.13849551685830463,0.3191198763223506,-0.48138695365713907
1.6257785832474865,-1.4175869335952036,-1.6305344441132767
1.4787557415720038,-1.272861366102074,1.6176642676668636
0.15555016649266054,0.4638454438154801,-0.13408460409913162
0.008527324817177965,0.7532965788017392,0.8176565477054625
-1.6087239336131305,-0.983410231115815,0.5374050200757917
-1.4617010919376479,-1.272861366102074,0.9449310565920009
1.6257785832474865,-1.7070380685814626,-0.29099453552272947
1.3317328998965212,-1.7070380685814626,-1.6442022673510208
-0.4325412002092698,0.029668741336091563,-0.7311127336798313
-0.5795640418847524,-0.11505682615703795,-1.711289925499754
1.0376872165455562,1.3321988487742573,-0.937450549522197
-0.7265868835602349,-0.11505682615703795,0.9712258216082672
-0.4325412002092698,0.17439430882922108,-1.0899137856989893
0.8906643748700735,1.4769244162673867,0.5770221884193204
-1.4617010919376479,-0.8386846636226856,1.6516230051058383
1.6257785832474865,-1.4175869335952036,0.694111608930949
-1.1676554085866828,-0.983410231115815,0.5030330910904013
-1.4617010919376479,-0.983410231115815,-0.5856804244795072
0.4495958498436257,1.0427477137879981,1.4679755643198713
0.5966186915191083,1.0427477137879981,1.0027331969465711
0.30257300816814314,0.8980221462948687,0.49977171063746745
-1.4617010919376479,-0.693959096129556,1.4771152068591258
-0.13849551685830463,0.029668741336091563,1.0464239173278396
-0.5795640418847524,0.17439430882922108,-1.6892650873560806
1.1847100582210386,1.4769244162673867,-1.0708611614540184
-0.13849551685830463,0.3191198763223506,1.704535700365729
0.30257300816814314,0.6085710113086097,1.5675650229423135
-1.6087239336131305,-1.1281357986089446,0.16751651632082598
1.4787557415720038,-1.272861366102074,1.3643546225919532
0.7436415331945909,1.3321988487742573,-0.8651493627247546
1.0376872165455562,1.6216499837605163,0.42073538337254507
-0.13849551685830463,0.3191198763223506,0.5134053961176559
1.4787557415720038,-1.4175869335952036,0.5768220622997283
-1.3146782502621652,-0.5492335286364265,0.8410143144080816
1.4787557415720038,-1.4175869335952036,-0.004097972605665803
0.4495958498436257,1.1874732812811277,1.0641089378137103
1.4787557415720038,-1.7070380685814626,0.3281870539626683
0.4495958498436257,1.1874732812811277,-1.697123957769516
-1.7557467752886131,-1.5623125010883332,0.6008056632626252
1.3317328998965212,1.4769244162673867,1.6585045661204978
-1.6087239336131305,-1.4175869335952036,0.7584183115693784
-1.4617010919376479,-0.983410231115815,0.1780073325395343
1.1847100582210386,1.6216499837605163,-0.7496282868789182
1.0376872165455562,1.4769244162673867,-0.8223612606356784
0.5966186915191083,1.3321988487742573,1.0855844306753732
1.0376872165455562,1.4769244162673867,-0.46513945211381635
1.3317328998965212,1.6216499837605163,-0.5295817366266158
1.1847100582210386,1.3321988487742573,-1.651427524955708
-1.7557467752886131,-0.983410231115815,1.3661151374694764
1.0376872165455562,1.1874732812811277,1.3488289110476037
-1.0206325669112002,-0.5492335286364265,-0.6393797864482303
0.30257300816814314,1.0427477137879981,-0.4163394744386103
0.15555016649266054,0.7532965788017392,-0.6708601923604963
1.0376872165455562,1.3321988487742573,-0.0037121247196298755
0.30257300816814314,0.7532965788017392,0.3506191666501298
0.15555016649266054,0.6085710113086097,-0.33526263624030406
1.1847100582210386,1.4769244162673867,1.1404224540714911
1.6257785832474865,-1.5623125010883332,-1.7456513208239473
-1.1676554085866828,-0.5492335286364265,0.8320139401467249
-1.0206325669112002,-0.5492335286364265,-1.265764178851155
0.5966186915191083,1.0427477137879981,1.104794837156976
-0.2855183585337872,-0.11505682615703795,1.5910469057330046
0.4495958498436257,1.1874732812811277,-1.6606882866465156
-0.13849551685830463,0.6085710113086097,-1.5590026899197298
0.30257300816814314,0.4638454438154801,-1.59526111576336
1.4787557415720038,-1.272861366102074,1.2689001967567999
-1.3146782502621652,-0.983410231115815,-0.896687565528492
0.7436415331945909,1.4769244162673867,-1.4285695602253734
1.1847100582210386,-1.5623125010883332,0.5986586990392185
-1.4617010919376479,-1.272861366102074,1.6955811789746036
1.3317328998965212,-1.5623125010883332,-0.3401118890831272
-0.7265868835602349,0.029668741336091563,-0.2801971363774018
1.4787557415720038,-1.272861366102074,0.35235778171164617
-1.4617010919376479,-0.8386846636226856,-0.638859067427886
-0.7265868835602349,-0.5492335286364265,-1.7303428608117877
0.7436415331945909,1.3321988487742573,1.5912975512367622
-0.4325412002092698,-0.2597823936501675,-1.412601764784879
1.0376872165455562,1.3321988487742573,1.3763587897366305
0.5966186915191083,0.7532965788017392,0.011137005349823842
-0.7265868835602349,-0.404507961143297,-1.6495550922852324
1.4787557415720038,-1.7070380685814626,0.45298397858226935
-0.2855183585337872,-0.11505682615703795,-0.8521250087879221
-1.1676554085866828,-0.693959096129556,0.7279201346624142
0.008527324817177965,0.17439430882922108,-0.9276302489595167
1.1847100582210386,-1.5623125010883332,-1.6873995455378377
1.4787557415720038,-1.272861366102074,-1.0943404636390959
-1.1676554085866828,-0.693959096129556,-1.058313874889092
1.6257785832474865,-1.5623125010883332,0.1786127005558988
0.008527324817177965,0.4638454438154801,1.557674595755734
-1.0206325669112002,-0.2597823936501675,0.5221155384097745
-1.1676554085866828,-0.693959096129556,0.40987309419321666
-0.5795640418847524,-0.404507961143297,0.4168207379633555
0.4495958498436257,0.8980221462948687,-1.28375401062946
-1.6087239336131305,-1.272861366102074,0.7621721323136845
-1.7557467752886131,-1.5623125010883332,1.554000402845438
-0.7265868835602349,-0.11505682615703795,1.6614832882887294
0.8906643748700735,1.6216499837605163,-0.5929540738090495
-0.2855183585337872,0.4638454438154801,-1.6599481643145055
-0.13849551685830463,0.3191198763223506,1.179387922575107
-0.13849551685830463,0.029668741336091563,0.20604776932778146
-0.8736097252357176,-0.2597823936501675,-1.6228173947695081
0.008527324817177965,0.17439430882922108,-1.7178305834829168
-0.7265868835602349,0.029668741336091563,1.4988017299109
1.3317328998965212,1.4769244162673867,-0.09935544265093886
-0.5795640418847524,0.029668741336091563,-0.4345016802505717
-0.8736097252357176,-0.404507961143297,1.4619693402128693
1.1847100582210386,1.4769244162673867,-0.31615250554045804
1.6257785832474865,-1.7070380685814626,-1.1098030004413113
0.30257300816814314,0.6085710113086097,-0.19935973120730258
-1.6087239336131305,-0.8386846636226856,-1.533970616431751
1.4787557415720038,-1.5623125010883332,1.2897064679434838
1.0376872165455562,1.4769244162673867,1.0458685947234563
-0.13849551685830463,0.029668741336091563,0.6605548749183736
-1.7557467752886131,-1.272861366102074,0.4013235835901149
1.4787557415720038,1.6216499837605163,0.5941870234442889
1.3317328998965212,1.4769244162673867,1.2538982011782493
-0.7265868835602349,-0.404507961143297,-0.5367502115023505
-1.1676554085866828,-0.693959096129556,1.5681879711974738
0.30257300816814314,0.4638454438154801,-0.27239547039001577
-1.7557467752886131,-1.4175869335952036,1.2649020066137941
-1.7557467752886131,-1.1281357986089446,1.2696268161348345
-0.4325412002092698,-0.11505682615703795,-1.6630330508113582
1.3317328998965212,1.6216499837605163,-1.2135818515246937
-0.4325412002092698,-0.2597823936501675,-1.2769489866414483
1.1847100582210386,-1.5623125010883332,1.1425306323538689
0.30257300816814314,1.0427477137879981,-0.8188493664119172
0.5966186915191083,1.3321988487742573,-0.30546499844678504
1.3317328998965212,1.6216499837605163,0.05740731602685518
-1.0206325669112002,-0.8386846636226856,-0.9892751868882654
-1.4617010919376479,-0.983410231115815,-0.3887300905721237
0.008527324817177965,0.3191198763223506,0.16332033849045108
0.4495958498436257,0.7532965788017392,0.5867324808026945
-0.7265868835602349,-0.5492335286364265,-1.3663222765941045
0.30257300816814314,0.8980221462948687,-1.135166998035325
0.5966186915191083,0.8980221462948687,0.00593064566726683
0.5966186915191083,1.1874732812811277,-0.9523722381169577
1.3317328998965212,-1.5623125010883332,0.5787198660477442
0.008527324817177965,0.7532965788017392,0.2067084492934142
0.5966186915191083,0.7532965788017392,-1.3207208921131426
-1.0206325669112002,-0.404507961143297,1.462295336133849
0.5966186915191083,0.7532965788017392,-0.471468537846047
0.4495958498436257,1.1874732812811277,1.6312615370450696
0.15555016649266054,0.3191198763223506,0.2599497338253154
0.008527324817177965,0.3191198763223506,-1.7023218145433807
-1.0206325669112002,-0.404507961143297,0.6936262938786909
-1.4617010919376479,-1.272861366102074,1.5246621860021072
0.15555016649266054,0.6085710113086097,0.8414427220533521
0.15555016649266054,0.3191198763223506,-1.3467670535564014
0.30257300816814314,0.8980221462948687,1.1261413763882229
-0.7265868835602349,0.029668741336091563,0.8695705965087931
0.30257300816814314,1.0427477137879981,0.8158698091503382
1.3317328998965212,-1.5623125010883332,1.070118919494146
0.008527324817177965,0.3191198763223506,-1.4460331558008797
0.5966186915191083,0.8980221462948687,0.43651244276217516
1.1847100582210386,-1.5623125010883332,-0.14454021017125374
1.6257785832474865,-1.1281357986089446,1.022846552187981
-1.4617010919376479,-0.8386846636226856,-0.7955044937858538
-1.0206325669112002,-0.693959096129556,-0.6916256235134585
-1.1676554085866828,-0.404507961143297,-1.3378297584229975
1.3317328998965212,1.6216499837605163,0.08191623022899278
0.5966186915191083,1.3321988487742573,0.8965711322874999
1.4787557415720038,1.6216499837605163,-0.9239173960854713
-1.6087239336131305,-1.1281357986089446,-1.6845167925586706
0.30257300816814314,0.4638454438154801,0.21253794135254406
-1.1676554085866828,-0.404507961143297,-0.2701727226506556
1.0376872165455562,1.4769244162673867,-1.0911151921699698
-1.0206325669112002,-0.5492335286364265,-1.1829595739377354
-1.0206325669112002,-0.2597823936501675,0.6635842547906594
0.7436415331945909,1.4769244162673867,-1.0864880675728035
0.7436415331945909,1.0427477137879981,0.3833038307660713
-1.3146782502621652,-0.5492335286364265,0.526180229105539
0.5966186915191083,1.1874732812811277,1.4536125659636723
0.15555016649266054,0.8980221462948687,-0.13583670308670362
0.15555016649266054,0.7532965788017392,0.26590958815820803
0.008527324817177965,0.7532965788017392,-0.3333742248361103
-0.8736097252357176,-0.5492335286364265,1.391921274717682
-0.13849551685830463,0.4638454438154801,0.7260931722301739
1.4787557415720038,1.6216499837605163,0.7690638602909062
0.30257300816814314,0.8980221462948687,-1.5906145551996096
0.8906643748700735,1.1874732812811277,1.2635233461309066
-0.2855183585337872,0.3191198763223506,-1.1821661055343073
0.30257300816814314,1.0427477137879981,1.1456987972806805
-0.13849551685830463,0.6085710113086097,-1.1938445868645295
-1.4617010919376479,-1.1281357986089446,-0.6827493782058158
0.5966186915191083,1.0427477137879981,0.1504735833946815
-1.4617010919376479,-0.693959096129556,0.11672868183750612
0.8906643748700735,1.0427477137879981,0.45980600776336433
1.0376872165455562,1.3321988487742573,-0.678472364638618
-1.3146782502621652,-0.693959096129556,0.2237811011475352
-1.4617010919376479,-0.8386846636226856,0.6158216989314153
0.4495958498436257,0.6085710113086097,-0.4021664661896852
-0.13849551685830463,0.6085710113086097,-0.064840481902834
-0.7265868835602349,-0.404507961143297,-1.669024043070248
1.6257785832474865,-1.7070380685814626,1.2807974142848995
0.5966186915191083,1.3321988487742573,-0.4125082709043927
-0.8736097252357176,-0.5492335286364265,0.537749241741224
-0.2855183585337872,0.3191198763223506,-0.47058173018958377
0.7436415331945909,1.0427477137879981,0.9278009581546867
-1.7557467752886131,-1.272861366102074,-0.8303352299251446
-1.4617010919376479,-1.1281357986089446,0.3734963947530601
-1.3146782502621652,-0.8386846636226856,0.1243351842991367
0.008527324817177965,0.3191198763223506,-1.5518225687009852
-1.0206325669112002,-0.5492335286364265,0.1648773641482464
0.15555016649266054,0.7532965788017392,-1.4607278957517909
-1.1676554085866828,-0.404507961143297,-0.041882040438417735
0.4495958498436257,0.8980221462948687,0.16139437868121392
0.30257300816814314,0.7532965788017392,-0.8079844696079862
0.30257300816814314,0.8980221462948687,1.3180935916765282
-1.3146782502621652,-0.8386846636226856,0.5769743562679625
-0.7265868835602349,-0.5492335286364265,0.5708269721913757
0.4495958498436257,1.0427477137879981,0.6809984412869089
0.4495958498436257,0.6085710113086097,-1.2063953207155726
-1.3146782502621652,-0.693959096129556,0.5669563897974784
0.008527324817177965,0.4638454438154801,0.6798232384025981
0.008527324817177965,0.17439430882922108,-0.6076801144662115
-1.6087239336131305,-1.1281357986089446,-0.19180071335693452
-1.4617010919376479,-0.8386846636226856,0.5084374960170939
1.3317328998965212,-1.7070380685814626,1.6586575291040353
-0.7265868835602349,-0.5492335286364265,0.8182476713565408
1.6257785832474865,-1.7070380685814626,-1.3672789507682277
0.30257300816814314,0.7532965788017392,-1.3182848214348815
-0.2855183585337872,0.029668741336091563,-1.7478541996167443
-0.5795640418847524,0.029668741336091563,0.7450124179361436
-0.8736097252357176,-0.2597823936501675,-0.7196662109894058
0.008527324817177965,0.4638454438154801,1.3893774583415863
-1.6087239336131305,-1.272861366102074,0.5653278557793866
-0.7265868835602349,-0.5492335286364265,-1.0169892867498151
-0.8736097252357176,-0.11505682615703795,-0.9392850157360557
1.6257785832474865,-1.1281357986089446,0.9760731330559156
-0.13849551685830463,0.3191198763223506,0.5995559307256279
0.8906643748700735,1.1874732812811277,-0.7494139529860131
-0.8736097252357176,-0.5492335286364265,-1.0369695068476625
-0.4325412002092698,0.17439430882922108,-1.0474885769862496
0.4495958498436257,0.6085710113086097,0.8138346416846192
-1.4617010919376479,-1.1281357986089446,-0.6998098540121255
-0.4325412002092698,0.3191198763223506,-1.4148472364052023
-1.0206325669112002,-0.8386846636226856,0.48454365239614544
0.7436415331945909,0.8980221462948687,-1.2508850502911126
0.7436415331945909,1.1874732812811277,-0.2620985849602951
-1.1676554085866828,-0.8386846636226856,0.4475967861263408
1.1847100582210386,1.6216499837605163,-0.058938218063379226
-0.8736097252357176,-0.5492335286364265,-0.8747262878057361
-1.6087239336131305,-0.983410231115815,-0.9016893984733245
-0.2855183585337872,0.17439430882922108,1.458484118731632
0.008527324817177965,0.4638454438154801,-0.6214028011897254
1.4787557415720038,-1.272861366102074,0.19376914832683187
-1.1676554085866828,-0.693959096129556,-0.7834328444935036
-1.0206325669112002,-0.693959096129556,0.3664302924737186
1.6257785832474865,-1.1281357986089446,-0.8834879032083763
0.15555016649266054,0.6085710113086097,1.6910216523427513
-0.13849551685830463,0.3191198763223506,-0.6594078449723328
-1.3146782502621652,-0.693959096129556,0.1140402940787715
1.4787557415720038,-1.5623125010883332,-0.3738487160416716
-1.0206325669112002,-0.8386846636226856,-0.7136251699463149
-0.4325412002092698,0.3191198763223506,-0.35289135539456357
0.7436415331945909,0.8980221462948687,0.01644094367618428
0.30257300816814314,1.0427477137879981,1.6498759084130108
-0.7265868835602349,-0.11505682615703795,0.9883501954711679
-0.5795640418847524,-0.11505682615703795,1.38576749789786
-1.1676554085866828,-0.693959096129556,-1.4499265330004956
-0.4325412002092698,0.029668741336091563,1.6667179153429188
1.0376872165455562,-1.7070380685814626,-0.6056778581937208
-1.0206325669112002,-0.5492335286364265,0.36074423692131247
0.4495958498436257,0.6085710113086097,-0.7500791091089984
1.6257785832474865,-1.4175869335952036,-1.6013264837228876
-1.4617010919376479,-0.8386846636226856,0.6420007214127129
-0.4325412002092698,-0.2597823936501675,-0.06258262831690417
-0.2855183585337872,0.17439430882922108,1.4146583595357258
-0.2855183585337872,0.17439430882922108,-0.8257618535915294
0.5966186915191083,0.8980221462948687,-1.654100191082107
-1.3146782502621652,-0.5492335286364265,-0.029064370086865913
-1.3146782502621652,-1.1281357986089446,1.5869652876785383
0.5966186915191083,0.8980221462948687,0.08227874228865092
-0.5795640418847524,0.029668741336091563,1.245325214297134
0.8906643748700735,1.6216499837605163,0.9654997918970646
-1.1676554085866828,-0.983410231115815,0.25468101557488276
1.3317328998965212,-1.7070380685814626,-0.23354135586972294
1.6257785832474865,-1.7070380685814626,-0.3515792622417821
-1.0206325669112002,-0.5492335286364265,0.830594000033813
-1.4617010919376479,-0.693959096129556,-1.1933288886649356
1.3317328998965212,-1.7070380685814626,1.6825883019904813
-1.7557467752886131,-1.1281357986089446,0.23914147422336948
1.0376872165455562,1.4769244162673867,0.7328091383630215
1.3317328998965212,-1.5623125010883332,-1.4000195604281693
0.4495958498436257,1.1874732812811277,1.0296260473510281
1.4787557415720038,-1.272861366102074,0.4869970039071896
-0.2855183585337872,-0.11505682615703795,1.3295461286550343
0.008527324817177965,0.6085710113086097,0.05761382961717517
-0.4325412002092698,0.17439430882922108,-1.3811261575302578
-1.4617010919376479,-1.1281357986089446,0.8315159605984599
-0.5795640418847524,-0.2597823936501675,-1.5738736417035502
-0.13849551685830463,0.17439430882922108,0.01346961987919013
1.4787557415720038,-1.5623125010883332,-1.7069806183237661
0.15555016649266054,0.4638454438154801,-1.4808645567032819
-1.7557467752886131,-1.1281357986089446,-0.552503747759972
0.7436415331945909,1.1874732812811277,-1.2865538731679618
0.5966186915191083,1.3321988487742573,1.6984105509071337
-0.5795640418847524,-0.404507961143297,0.5086933404322299
-0.5795640418847524,-0.2597823936501675,-0.7275290510970162
1.4787557415720038,-1.272861366102074,0.5445631939560998
-0.4325412002092698,0.17439430882922108,0.6217168817881694
0.8906643748700735,1.0427477137879981,0.21629790818963418
0.30257300816814314,1.0427477137879981,0.09630794328904044
-1.1676554085866828,-0.983410231115815,-0.4606187260439002
0.30257300816814314,0.6085710113086097,-0.23759607436014404
1.0376872165455562,1.6216499837605163,0.22769736313905484
1.4787557415720038,1.6216499837605163,-0.33744736678418535
-1.6087239336131305,-0.8386846636226856,0.9329054662193234
0.008527324817177965,0.3191198763223506,-0.8450006348616498
1.6257785832474865,-1.5623125010883332,0.5341835902526407
0.4495958498436257,1.1874732812811277,1.365995671165179
0.30257300816814314,1.0427477137879981,0.9690890251795418
-0.4325412002092698,-0.2597823936501675,1.0434770540596
0.15555016649266054,0.6085710113086097,-1.5235384267529428
-0.4325412002092698,-0.11505682615703795,-1.1732113974714922
0.15555016649266054,0.3191198763223506,1.285395679903215
1.4787557415720038,-1.272861366102074,1.1486260292983574
-0.5795640418847524,-0.404507961143297,0.6107356284513511
0.15555016649266054,0.8980221462948687,1.2781007625067051
-1.4617010919376479,-0.8386846636226856,-0.4377135150383335
1.0376872165455562,-1.7070380685814626,-1.238948890367735
0.4495958498436257,1.1874732812811277,-1.4173412317507816
-1.6087239336131305,-0.8386846636226856,1.6968322483251548
-0.4325412002092698,0.029668741336091563,-0.05576701259349895
-1.4617010919376479,-0.693959096129556,-0.3385062806907278
-0.2855183585337872,0.029668741336091563,1.1924688640576684
-0.2855183585337872,0.029668741336091563,-0.7706782313530103
1.1847100582210386,1.3321988487742573,-0.2699714143848469
1.1847100582210386,1.6216499837605163,1.668487837842671
1.3317328998965212,1.4769244162673867,-0.5409118287405483
0.008527324817177965,0.3191198763223506,-0.8872244102002054
-0.8736097252357176,-0.5492335286364265,0.726050290439439
1.4787557415720038,-1.4175869335952036,-0.5724475473578517
0.5966186915191083,1.3321988487742573,0.2748746585475607
-1.6087239336131305,-1.272861366102074,0.23344483717860365
-0.13849551685830463,0.029668741336091563,1.3681515384429563
-0.4325412002092698,-0.2597823936501675,1.5483787784887257
0.7436415331945909,1.4769244162673867,-0.6831041008542166
1.3317328998965212,-1.4175869335952036,-1.3842852649855741
-0.2855183585337872,0.3191198763223506,0.39536612394628917
0.4495958498436257,0.8980221462948687,-1.6805881172723958
0.5966186915191083,0.7532965788017392,-0.7057565583596083
0.8906643748700735,1.6216499837605163,-0.8868254570812105
0.7436415331945909,0.8980221462948687,-1.753593553029682
-1.4617010919376479,-0.693959096129556,0.817764651533848
1.1847100582210386,1.4769244162673867,-1.7456403284110082
0.4495958498436257,0.6085710113086097,1.4237801795704508
-1.0206325669112002,-0.693959096129556,-0.00442305269059531
-0.13849551685830463,0.029668741336091563,1.6832482807129074
-0.2855183585337872,0.17439430882922108,-0.04261389764873979
0.30257300816814314,0.8980221462948687,-1.0294039151787824
0.30257300816814314,0.6085710113086097,0.6988790116984385
0.4495958498436257,1.1874732812811277,-1.1839612615968778
-0.4325412002092698,0.029668741336091563,1.0080984432783044
-0.13849551685830463,0.029668741336091563,-1.4692798720171554
0.008527324817177965,0.3191198763223506,1.232773979791984
-1.3146782502621652,-1.1281357986089446,1.6400695270974992
-0.8736097252357176,-0.693959096129556,-1.6353650334386884
1.3317328998965212,1.4769244162673867,0.7431549600800348
-1.6087239336131305,-0.983410231115815,-1.48638757576763
0.30257300816814314,0.8980221462948687,-1.045046187333136
-0.7265868835602349,0.029668741336091563,1.2515216769066928
-0.8736097252357176,-0.5492335286364265,-0.8893490392153096
0.30257300816814314,0.7532965788017392,1.486861919057363
1.4787557415720038,-1.5623125010883332,1.6693390093704426
0.15555016649266054,0.6085710113086097,-0.19276780887371242
-0.7265868835602349,-0.5492335286364265,-0.5099197913611679
-0.13849551685830463,0.4638454438154801,-1.0351287362358437
0.008527324817177965,0.3191198763223506,-0.005168233535084964
-0.2855183585337872,-0.11505682615703795,0.3646694033830425
0.5966186915191083,1.1874732812811277,-0.42478185879446134
0.5966186915191083,1.1874732812811277,-1.235880805281562
1.6257785832474865,-1.5623125010883332,0.07806771562245053
-1.3146782502621652,-0.983410231115815,-0.501285316141671
1.1847100582210386,1.4769244162673867,0.765446034060134
-0.7265868835602349,-0.5492335286364265,-0.4005315820229869
-1.1676554085866828,-0.404507961143297,1.506218843968374
0.4495958498436257,0.7532965788017392,-1.1259168428159587
-1.3146782502621652,-0.5492335286364265,-0.019747764384120813
1.3317328998965212,1.4769244162673867,1.0916026750889196
0.30257300816814314,1.0427477137879981,0.6825482463018451
-0.13849551685830463,0.3191198763223506,1.0984158289364594
-1.1676554085866828,-0.404507961143297,1.4218467914675406
1.4787557415720038,-1.7070380685814626,0.6508146154782101
0.4495958498436257,0.6085710113086097,1.4427423936762271
0.15555016649266054,0.4638454438154801,-0.3719807687478203
-0.4325412002092698,0.029668741336091563,-0.9382422068898525
-0.8736097252357176,-0.5492335286364265,1.3515765797167754
0.008527324817177965,0.3191198763223506,0.281282303527031
1.0376872165455562,1.3321988487742573,-0.8071191708827751
-1.1676554085866828,-0.5492335286364265,-0.7788042504242954
-1.4617010919376479,-0.983410231115815,1.5067315740189466
0.30257300816814314,0.6085710113086097,0.04044889356652482
-1.3146782502621652,-0.983410231115815,1.2179280787034605
0.30257300816814314,0.6085710113086097,0.6010263324978986
0.15555016649266054,0.3191198763223506,-0.922363599028676
1.0376872165455562,1.6216499837605163,1.6813080370112847
0.8906643748700735,1.0427477137879981,-0.9828412682496126
0.008527324817177965,0.6085710113086097,-0.1206731342949677
-0.4325412002092698,-0.11505682615703795,-1.750257923390497
1.1847100582210386,1.6216499837605163,1.1643402108830934
-1.1676554085866828,-0.404507961143297,1.5524204571871323
1.4787557415720038,-1.272861366102074,-0.93384194831974
1.0376872165455562,1.3321988487742573,-0.32334572960981184
1.0376872165455562,1.1874732812811277,0.6452299268657845
-1.0206325669112002,-0.5492335286364265,-0.37203477315495337
-1.3146782502621652,-0.693959096129556,1.069167551501262
-1.6087239336131305,-1.272861366102074,0.8766594467271883
1.3317328998965212,-1.7070380685814626,0.15692374000428058
0.4495958498436257,0.8980221462948687,-1.1325295103799116
0.7436415331945909,1.3321988487742573,-0.48001660699859233
-1.1676554085866828,-0.693959096129556,0.0955900417880093
1.3317328998965212,1.4769244162673867,-0.34260801300135985
-1.3146782502621652,-1.1281357986089446,-1.22442136998549
0.008527324817177965,0.17439430882922108,1.59759853040248
0.8906643748700735,1.3321988487742573,-0.5185218630326338
1.4787557415720038,1.6216499837605163,-0.02575824043426519
-1.6087239336131305,-0.983410231115815,0.4774427322974452
0.008527324817177965,0.4638454438154801,0.20822627811389663
-0.2855183585337872,0.4638454438154801,-0.5684787109983521
1.3317328998965212,-1.7070380685814626,0.30229994698486734
-1.3146782502621652,-0.693959096129556,-1.660058566908318
1.3317328998965212,-1.4175869335952036,-0.22220775420076072
1.0376872165455562,1.4769244162673867,-0.23183970204607499
1.0376872165455562,1.1874732812811277,0.8661802885108172
0.30257300816814314,0.6085710113086097,-1.638376109268953
-1.3146782502621652,-0.983410231115815,-1.721902803757358
-0.5795640418847524,-0.404507961143297,0.31466398659594924
-0.8736097252357176,-0.5492335286364265,0.33290229771040575
0.8906643748700735,1.1874732812811277,0.2012203659834306
0.8906643748700735,1.0427477137879981,-0.12516730759270947
-1.0206325669112002,-0.8386846636226856,-0.48897723126170295
-1.0206325669112002,-0.5492335286364265,-0.6883306291333063
1.0376872165455562,1.4769244162673867,0.9419577619337918
0.30257300816814314,0.4638454438154801,1.6536422510635547
0.30257300816814314,0.8980221462948687,-1.0672631471844019
1.0376872165455562,1.3321988487742573,1.0626700599466614
-0.5795640418847524,-0.11505682615703795,-1.59430126413666
-1.3146782502621652,-0.983410231115815,-0.6086608594382559
0.7436415331945909,1.4769244162673867,-0.45656837387807087
0.7436415331945909,0.8980221462948687,0.6351500891128959
-1.1676554085866828,-0.5492335286364265,1.431904685060671
1.0376872165455562,-1.7070380685814626,-0.9426465625054908
1.4787557415720038,-1.272861366102074,-0.5144342214407613
-0.2855183585337872,0.4638454438154801,0.9875923481291519
-1.1676554085866828,-0.983410231115815,0.502238766429788
1.3317328998965212,-1.7070380685814626,1.3540046492078246
-1.3146782502621652,-1.1281357986089446,-1.7083880174746764
-0.13849551685830463,0.3191198763223506,-1.3798169154199957
-1.6087239336131305,-0.8386846636226856,-0.029714532473684014
0.008527324817177965,0.7532965788017392,-0.9732540059203776
-0.4325412002092698,0.17439430882922108,1.3173565045014566
-0.5795640418847524,-0.11505682615703795,-0.8415060734158575
-0.4325412002092698,0.3191198763223506,1.3727628989675535
-0.8736097252357176,-0.5492335286364265,1.4170961627317067
-1.3146782502621652,-0.693959096129556,1.016188230908422
0.8906643748700735,1.0427477137879981,-0.5449704536647141
-0.4325412002092698,0.17439430882922108,0.8109400385150997
-1.4617010919376479,-1.1281357986089446,-0.8191518904184961
1.1847100582210386,1.6216499837605163,1.0470575392025256
0.8906643748700735,1.0427477137879981,0.14543411106812548
1.1847100582210386,1.3321988487742573,-1.1047193349180906
-1.6087239336131305,-1.1281357986089446,1.1771019028201812
1.0376872165455562,1.6216499837605163,-0.15423189479227703
-0.4325412002092698,0.3191198763223506,0.44334440345190196
-1.6087239336131305,-0.983410231115815,1.4110402893095915
-1.6087239336131305,-1.272861366102074,-0.27140319246246597
1.6257785832474865,-1.1281357986089446,1.257707623457659
0.5966186915191083,1.1874732812811277,-0.5894214622579754
0.4495958498436257,0.8980221462948687,0.010109987612049282
0.4495958498436257,0.7532965788017392,-0.8051370465871402
0.15555016649266054,0.4638454438154801,-0.7816677824405136
-0.8736097252357176,-0.5492335286364265,0.011495691404885128
1.1847100582210386,-1.5623125010883332,-1.7641324993032228
-0.2855183585337872,-0.11505682615703795,-0.32442485060694926
1.6257785832474865,-1.1281357986089446,-1.1560638712636935
-1.7557467752886131,-1.1281357986089446,1.064383565850932
-0.2855183585337872,-0.11505682615703795,1.5012492644699291
1.4787557415720038,-1.4175869335952036,0.26012032798467677
1.1847100582210386,1.3321988487742573,1.198310147777325
-1.3146782502621652,-0.5492335286364265,0.5730156759407723
-0.8736097252357176,-0.5492335286364265,-0.6783968803316767
0.30257300816814314,0.7532965788017392,-0.4611273443183707
0.7436415331945909,1.0427477137879981,-1.1139366899213954
-0.13849551685830463,0.6085710113086097,1.5240048826348729
0.5966186915191083,0.7532965788017392,-1.7080381701976133
-1.7557467752886131,-1.4175869335952036,-0.6087728749704374
-0.2855183585337872,0.4638454438154801,-0.7885764225810771
-1.7557467752886131,-1.1281357986089446,1.337246894878994
0.30257300816814314,0.7532965788017392,0.3498033019771537
1.1847100582210386,1.4769244162673867,0.44837990146023
-0.4325412002092698,-0.2597823936501675,1.559396190451404
-0.8736097252357176,-0.2597823936501675,1.3256173956404338
-1.6087239336131305,-0.8386846636226856,-1.5586646482623192
-0.4325412002092698,0.029668741336091563,1.2770356079871408
1.6257785832474865,-1.7070380685814626,0.9091495104455524
-1.3146782502621652,-0.5492335286364265,1.5305591880282914
-0.13849551685830463,0.6085710113086097,-1.5790496507853813
0.8906643748700735,1.1874732812811277,-1.686586757706064
-0.2855183585337872,0.029668741336091563,-1.5931624347096693
-0.7265868835602349,-0.5492335286364265,-1.1286273731274576
0.7436415331945909,1.4769244162673867,0.025025533330903307
-0.2855183585337872,0.029668741336091563,1.3808547976370056
-0.2855183585337872,0.17439430882922108,-0.6593140538338154
0.008527324817177965,0.4638454438154801,1.264538773053188
-1.4617010919376479,-0.693959096129556,0.18167572195559814
-0.13849551685830463,0.17439430882922108,-1.4047194442662678
-1.4617010919376479,-1.272861366102074,-0.2978638202611382
-0.4325412002092698,-0.2597823936501675,0.405315329406912
0.5966186915191083,0.7532965788017392,0.6885785666128611
1.3317328998965212,-1.7070380685814626,1.6608505181688726
-1.6087239336131305,-1.272861366102074,1.2244755783749854
0.5966186915191083,0.8980221462948687,-0.46957938249268116
0.4495958498436257,0.8980221462948687,-0.5428243429342675
-1.6087239336131305,-1.4175869335952036,0.48779998572975847
1.3317328998965212,1.4769244162673867,-1.7429631448127672
1.0376872165455562,-1.7070380685814626,-0.3082141506391279
-1.0206325669112002,-0.404507961143297,-0.5675540811516228
-0.4325412002092698,-0.11505682615703795,-0.9348876997326699
-0.4325412002092698,-0.11505682615703795,-1.5103128366427458
-0.7265868835602349,-0.404507961143297,-1.4197143357326718
-1.7557467752886131,-1.1281357986089446,1.514214111605187
0.008527324817177965,0.7532965788017392,-0.3003065878574774
1.6257785832474865,-1.272861366102074,-1.4859346944938006
-0.5795640418847524,-0.404507961143297,-0.7366400014867974
1.3317328998965212,1.4769244162673867,-0.6979118653564872
-0.4325412002092698,-0.11505682615703795,0.8841160695766082
0.30257300816814314,0.7532965788017392,-1.6489545982486415
-1.1676554085866828,-0.8386846636226856,1.5714255689492176
1.3317328998965212,-1.7070380685814626,0.10232987771040426
0.4495958498436257,1.0427477137879981,1.3964078343341169
0.008527324817177965,0.17439430882922108,-0.5876745843086663
1.3317328998965212,-1.7070380685814626,1.2964841336154194
1.0376872165455562,1.6216499837605163,-0.9774487654280652
0.7436415331945909,0.8980221462948687,-0.6111268945460824
-0.2855183585337872,0.17439430882922108,-0.7091333364960237
-0.5795640418847524,-0.2597823936501675,-0.6294583094021194
0.4495958498436257,0.7532965788017392,-0.8388011206417572
-1.6087239336131305,-1.272861366102074,0.9455943566410626
-1.6087239336131305,-0.983410231115815,1.4182878120616698
-0.13849551685830463,0.17439430882922108,0.37498624107685335
-0.7265868835602349,0.029668741336091563,0.6281080252702914
-0.5795640418847524,-0.404507961143297,-1.242823722220338
-0.13849551685830463,0.4638454438154801,-1.2165818902717185
-0.5795640418847524,-0.2597823936501675,-1.4246476292122199
-0.4325412002092698,-0.2597823936501675,0.24255289211763065
-1.6087239336131305,-1.1281357986089446,-1.5822775375592513
0.4495958498436257,0.7532965788017392,1.295498434149264
1.0376872165455562,1.1874732812811277,0.9398500532534935
-0.8736097252357176,-0.11505682615703795,1.6328478198476721
-1.6087239336131305,-1.1281357986089446,-1.2918941960201893
-1.7557467752886131,-0.983410231115815,0.21770828336275616
0.8906643748700735,1.0427477137879981,-0.3172956546647023
-1.3146782502621652,-0.5492335286364265,0.9165093660495183
1.6257785832474865,-1.7070380685814626,1.2329970678330753
1.3317328998965212,1.4769244162673867,-0.949709728850219
-1.6087239336131305,-0.8386846636226856,1.1765588743158497
0.15555016649266054,0.3191198763223506,-1.4778756033721883
-1.6087239336131305,-1.272861366102074,-0.8990991318788267
0.30257300816814314,0.4638454438154801,-0.156285915204813
-0.13849551685830463,0.4638454438154801,0.4094228880255175
-1.1676554085866828,-0.983410231115815,0.5213949720993017
1.0376872165455562,1.6216499837605163,0.018562047148309425
-0.8736097252357176,-0.693959096129556,-1.4612843863960134
1.6257785832474865,-1.7070380685814626,-0.13812069905232904
1.1847100582210386,-1.5623125010883332,-1.2497032201005431
-0.4325412002092698,-0.11505682615703795,-0.4529300933003195
0.15555016649266054,0.4638454438154801,0.14672380645926136
0.15555016649266054,0.6085710113086097,-1.5375908461158554
-1.1676554085866828,-0.404507961143297,-0.5564760659094721
0.7436415331945909,1.4769244162673867,-0.2733906571615446
1.6257785832474865,-1.5623125010883332,0.4061855974456112
0.15555016649266054,0.8980221462948687,-0.13887903614047203
-1.6087239336131305,-1.272861366102074,1.5713359050382378
-0.13849551685830463,0.6085710113086097,-0.20784039871142443
1.3317328998965212,1.4769244162673867,1.0542242967807967
1.6257785832474865,-1.5623125010883332,-0.982094441452451
-1.0206325669112002,-0.693959096129556,0.21754464497861856
-1.3146782502621652,-0.693959096129556,-0.6333423066677437
0.008527324817177965,0.7532965788017392,-0.8977035233467463
-1.3146782502621652,-0.5492335286364265,-1.382484846294353
1.3317328998965212,1.6216499837605163,-0.7071138471846418
0.15555016649266054,0.3191198763223506,-0.61830184068778
0.4495958498436257,0.6085710113086097,-0.21698212285186513
-1.3146782502621652,-1.1281357986089446,0.22147483668812556
1.6257785832474865,-1.1281357986089446,0.5305583015953287
-1.7557467752886131,-1.1281357986089446,-1.286046242065622
0.008527324817177965,0.3191198763223506,-1.0623824006748102
-1.3146782502621652,-0.8386846636226856,-1.509349943274932
1.0376872165455562,1.6216499837605163,1.254592845313822
0.7436415331945909,1.1874732812811277,-0.6960659979276471
-1.0206325669112002,-0.404507961143297,-1.7176819724198684
-1.4617010919376479,-1.272861366102074,0.864507361947476
1.4787557415720038,-1.272861366102074,0.46693930745687684
0.008527324817177965,0.4638454438154801,-0.6032967013410627
0.4495958498436257,1.0427477137879981,1.5682168755931074
-1.1676554085866828,-0.404507961143297,0.7059565206725084
-1.3146782502621652,-0.8386846636226856,0.8302984366797721
1.1847100582210386,1.4769244162673867,1.4700306113298334
-0.7265868835602349,-0.11505682615703795,-1.521246988006808
0.8906643748700735,1.1874732812811277,0.8775156876872968
0.15555016649266054,0.3191198763223506,-0.17425319212922297
-0.8736097252357176,-0.5492335286364265,0.7124414972518631
0.15555016649266054,0.4638454438154801,-1.2504356237853362
-1.0206325669112002,-0.404507961143297,-1.5049746638561696
-0.13849551685830463,0.029668741336091563,-0.8632735152836073
0.4495958498436257,0.7532965788017392,-0.05988718547471073
0.5966186915191083,1.3321988487742573,-1.2000297579856214
0.008527324817177965,0.4638454438154801,1.6562323463359607
1.4787557415720038,-1.7070380685814626,-0.0003319861731125929
0.15555016649266054,0.3191198763223506,0.08051021551748463
-0.8736097252357176,-0.5492335286364265,1.637721926227818
0.15555016649266054,0.6085710113086097,0.3841166250063193
0.30257300816814314,0.4638454438154801,1.171494196146446
-0.13849551685830463,0.4638454438154801,1.5027054797727175
0.5966186915191083,0.7532965788017392,0.8878557968584018
-0.5795640418847524,0.029668741336091563,0.910976032888211
1.3317328998965212,1.4769244162673867,0.6040068092411651
0.30257300816814314,0.7532965788017392,0.3777212634408814
-0.13849551685830463,0.3191198763223506,0.6197569070944483
-1.6087239336131305,-1.4175869335952036,1.1705606309766519
-1.1676554085866828,-0.8386846636226856,-0.8713111077331503
0.008527324817177965,0.4638454438154801,-0.5371479018223813
1.0376872165455562,1.6216499837605163,-1.7157434008147414
1.4787557415720038,-1.4175869335952036,-0.49872574322574087
-0.7265868835602349,0.029668741336091563,-0.7765140358202895
0.15555016649266054,0.7532965788017392,1.424326910636977
0.30257300816814314,1.0427477137879981,0.3779382144087602
-0.2855183585337872,-0.11505682615703795,0.5500011669400088
-1.7557467752886131,-1.5623125010883332,1.0725953540630917
1.1847100582210386,1.3321988487742573,-0.4056722629706638
-1.4617010919376479,-1.1281357986089446,1.571029770844671
0.5966186915191083,0.8980221462948687,-1.448934646252932
0.8906643748700735,1.6216499837605163,0.4709832283778032
0.15555016649266054,0.7532965788017392,0.2694400481839757
1.3317328998965212,-1.5623125010883332,-1.5288414446787584
1.4787557415720038,1.6216499837605163,-1.6563827356540375
-0.7265868835602349,-0.2597823936501675,1.4014741210976966
0.008527324817177965,0.3191198763223506,-0.4180154432792825
1.0376872165455562,1.3321988487742573,0.31832429300739445
-1.4617010919376479,-1.272861366102074,-0.21355256689137864
-1.1676554085866828,-0.8386846636226856,-1.116338660442691
-0.5795640418847524,-0.404507961143297,-0.26011933378238217
-1.0206325669112002,-0.2597823936501675,-0.9949214137266046
1.3317328998965212,-1.5623125010883332,-0.6775176192182003
-1.6087239336131305,-1.1281357986089446,0.2196971817638158
0.008527324817177965,0.6085710113086097,0.6470752894687412
-1.1676554085866828,-0.5492335286364265,-0.3827354301523749
-0.7265868835602349,0.029668741336091563,0.09280886469066998
1.4787557415720038,-1.7070380685814626,-1.7167521180847374
-1.7557467752886131,-1.272861366102074,0.31068471541524467
1.0376872165455562,1.3321988487742573,-0.0956267871279467
-0.13849551685830463,0.4638454438154801,1.209923506123643
1.4787557415720038,1.6216499837605163,-0.686067065422703
-0.2855183585337872,0.3191198763223506,0.5270428336315606
-0.8736097252357176,-0.5492335286364265,0.3757190845371891
0.30257300816814314,0.8980221462948687,1.011279164302806
1.3317328998965212,1.4769244162673867,0.627954765120139
1.6257785832474865,-1.1281357986089446,0.2023452126391771
-0.2855183585337872,0.029668741336091563,1.4078304782127067
1.3317328998965212,-1.5623125010883332,-1.0741335847111677
0.4495958498436257,0.7532965788017392,-0.8743325867447602
-1.4617010919376479,-0.693959096129556,-0.8787723278805573
1.0376872165455562,1.6216499837605163,-0.9626172556375859
0.15555016649266054,0.7532965788017392,-0.26499724171404626
