Авиакомпания,Аэропорт вылета,Аэропорт прилета,День недели,Месяц,Время вылета,Время прилета,Продолжительность полета
2,4,3,5,3,0.9565217391304348,0.0434782608695652,0.234083127259253
0,4,3,0,0,1.0,0.0,0.3742551338343815
2,0,2,0,7,0.3478260869565217,0.4347826086956521,0.1465009825384819
2,1,2,2,4,0.0869565217391304,0.3043478260869565,0.8504838422309593
0,3,2,4,5,0.7826086956521738,0.8260869565217391,0.012299730617038
0,1,2,1,7,0.8260869565217391,0.8695652173913043,0.6532632134413541
2,1,0,6,9,0.1739130434782608,0.2608695652173913,0.381757660565876
1,4,2,3,6,0.3913043478260869,0.6086956521739131,0.7263931605648069
2,1,0,5,2,0.6956521739130435,0.8695652173913043,0.7439908971110067
2,2,0,3,8,0.6086956521739131,0.8260869565217391,0.4508349582812472
2,4,2,4,1,0.9565217391304348,0.0434782608695652,0.5434006782154077
2,2,4,5,9,0.3043478260869565,0.3478260869565217,0.6052265354930597
0,3,1,6,4,0.6086956521739131,0.7391304347826086,0.2742425760369768
2,4,3,2,0,0.8695652173913043,0.0,0.7251064472596667
1,3,0,3,3,0.5652173913043478,0.6956521739130435,0.4285953164261187
0,4,1,4,7,0.8260869565217391,0.0,0.3638938479604693
1,0,4,6,10,0.2608695652173913,0.3913043478260869,0.6466615643729077
1,1,3,0,6,0.8695652173913043,0.0,0.9304750381294548
1,0,3,0,11,0.9565217391304348,0.0869565217391304,0.8809948694173386
1,3,0,6,9,0.4782608695652174,0.6521739130434783,0.7189566198902393
0,1,2,6,3,0.6956521739130435,0.9130434782608696,0.2205997111243834
0,4,4,6,11,0.6956521739130435,0.8695652173913043,0.6029819192963497
1,1,0,5,6,0.3913043478260869,0.4347826086956521,0.7817412013507132
1,2,4,6,1,0.7826086956521738,0.9565217391304348,0.4533336902121235
0,1,2,3,1,0.5652173913043478,0.6956521739130435,0.9639971515586888
0,2,2,4,5,0.4347826086956521,0.5652173913043478,0.5994649147941633
0,1,0,5,6,0.0434782608695652,0.1739130434782608,0.4416790126382808
2,2,2,6,6,0.7391304347826086,0.9565217391304348,0.6526971833244748
2,3,1,1,11,0.2608695652173913,0.3913043478260869,0.5320805056443287
2,0,3,1,3,0.4782608695652174,0.6956521739130435,0.9931888669451832
1,4,0,4,7,0.0434782608695652,0.2608695652173913,0.5827362981690267
2,1,4,0,8,0.8260869565217391,1.0,0.9005555984803695
1,0,1,2,11,0.7391304347826086,0.7826086956521738,0.5585645256035403
1,4,0,2,10,0.217391304347826,0.3913043478260869,0.8270354998563627
2,4,2,0,1,1.0,0.1304347826086956,0.5950768712933134
1,2,2,5,1,0.3913043478260869,0.6086956521739131,0.5924565250957579
2,3,2,5,5,0.8260869565217391,0.0,0.2318698270444567
2,3,2,5,7,0.6086956521739131,0.7391304347826086,0.8598129358439939
0,0,4,2,10,0.1739130434782608,0.3043478260869565,0.8199082000253617
2,3,1,1,1,0.8260869565217391,1.0,0.8542647244619086
0,1,3,2,11,0.0869565217391304,0.1739130434782608,0.1622259928766125
2,3,4,3,10,0.1739130434782608,0.2608695652173913,0.4750986867030846
2,0,4,6,11,0.3043478260869565,0.4347826086956521,0.8175535781315864
0,3,3,5,8,0.3043478260869565,0.3913043478260869,0.0673584326897829
0,1,3,1,8,0.3043478260869565,0.4347826086956521,0.3956104228054414
2,2,2,4,1,0.4782608695652174,0.6956521739130435,0.9259497385715508
1,0,4,4,1,1.0,0.1304347826086956,0.883190442293807
0,2,0,6,3,0.9565217391304348,1.0,0.0321759684036971
1,2,3,1,8,0.3043478260869565,0.4782608695652174,0.596826835279513
1,2,3,2,7,0.4347826086956521,0.5652173913043478,0.3634623822984473
1,4,1,2,7,0.5652173913043478,0.6956521739130435,0.8562191684426113
0,4,0,3,9,0.3043478260869565,0.4782608695652174,0.4133702420442338
1,2,0,3,9,1.0,0.0869565217391304,0.2104216759513414
0,0,3,2,5,0.3913043478260869,0.4782608695652174,0.6237015270808348
1,1,2,4,8,0.2608695652173913,0.3478260869565217,0.7158976996238684
2,1,1,5,11,0.6956521739130435,0.8260869565217391,0.3850729436963522
2,3,0,4,11,0.1304347826086956,0.2608695652173913,0.098301645692211
0,0,3,3,4,0.5217391304347826,0.6086956521739131,0.3678873444700524
2,4,0,6,10,0.1304347826086956,0.2608695652173913,0.2883737301688931
2,2,1,2,0,0.1739130434782608,0.3043478260869565,0.1407240041986607
1,3,1,3,9,0.9130434782608696,0.0434782608695652,0.1453878159561737
0,1,4,3,1,0.1304347826086956,0.1739130434782608,0.4341758921521771
1,4,3,5,5,0.7391304347826086,0.8260869565217391,0.4716743911954384
1,4,1,2,7,0.217391304347826,0.3913043478260869,0.1264494433614918
1,2,4,5,0,1.0,0.0,0.6137524759787718
1,1,4,2,6,1.0,0.0869565217391304,0.6719957904771772
1,0,0,5,5,0.9565217391304348,0.0434782608695652,0.3061791047436815
1,4,0,4,6,0.9130434782608696,0.0434782608695652,0.999351932345872
1,2,4,6,2,0.0434782608695652,0.1739130434782608,0.294110466386895
0,0,0,6,8,0.9565217391304348,0.1304347826086956,0.3625027027020714
2,1,1,2,6,0.4347826086956521,0.6086956521739131,0.8863757898488798
1,4,2,1,6,0.5652173913043478,0.6086956521739131,0.1583079612659317
1,0,1,0,2,0.1739130434782608,0.3478260869565217,0.7188306998391505
1,0,4,3,3,0.217391304347826,0.3043478260869565,0.3766285320742417
1,0,4,3,3,0.3913043478260869,0.5652173913043478,0.8821454250146792
1,4,1,2,3,0.3043478260869565,0.4347826086956521,0.5203544131926585
1,4,0,5,8,0.5652173913043478,0.6956521739130435,0.3252473704244763
2,3,0,1,0,1.0,0.1739130434782608,0.6831786644143523
2,1,4,4,5,0.0869565217391304,0.3043478260869565,0.0277249735658653
1,2,3,5,5,0.4782608695652174,0.6956521739130435,0.217817919035709
2,0,0,5,1,0.6521739130434783,0.6956521739130435,0.2024206267770402
0,3,1,2,3,0.9565217391304348,0.1304347826086956,0.9747824177215504
1,2,0,2,8,0.6956521739130435,0.7391304347826086,0.4466941669428402
0,3,1,3,1,0.0,0.217391304347826,0.4416941302576406
0,4,4,2,10,0.9565217391304348,1.0,0.1462214162671721
1,0,0,2,1,0.3913043478260869,0.5652173913043478,0.663680325016023
2,2,1,2,0,0.9565217391304348,0.0869565217391304,0.1001642842583014
0,2,4,3,9,0.3913043478260869,0.5217391304347826,0.2316259361503724
1,2,3,4,6,0.8695652173913043,0.9130434782608696,0.3912773504098736
0,2,1,4,3,1.0,0.0434782608695652,0.569873233400501
0,2,3,0,2,0.0434782608695652,0.1739130434782608,0.7725744996702906
0,3,3,0,9,0.3478260869565217,0.5217391304347826,0.8813105950009581
0,0,2,2,7,0.9130434782608696,0.9565217391304348,0.7522628024066402
2,4,0,0,1,0.5217391304347826,0.7391304347826086,0.2278941744935574
0,4,1,3,8,0.6521739130434783,0.7391304347826086,0.8015775229394768
0,4,3,4,6,0.7391304347826086,0.9130434782608696,0.6035947307222473
0,4,2,5,5,0.7826086956521738,0.9130434782608696,0.7170658265297774
2,3,4,4,11,0.4782608695652174,0.5217391304347826,0.891047297195505
0,1,1,4,6,0.3043478260869565,0.3913043478260869,0.3028179763043633
0,0,3,3,0,0.6956521739130435,0.7391304347826086,0.6010895636486355
2,2,0,0,7,0.6086956521739131,0.8260869565217391,0.8844972507165272
2,1,2,5,0,0.3913043478260869,0.5217391304347826,0.3428798503863551
2,4,3,3,1,0.6086956521739131,0.6521739130434783,0.8885037988028417
0,1,0,2,10,0.6086956521739131,0.7826086956521738,0.9464831601808574
2,0,3,6,0,0.9565217391304348,0.0434782608695652,0.6462585813454551
2,2,1,4,0,0.2608695652173913,0.4347826086956521,0.3619190045695168
0,2,1,6,8,0.5217391304347826,0.5652173913043478,0.7174321963895034
2,0,1,3,1,0.6956521739130435,0.8260869565217391,0.0410322287714466
0,0,2,3,6,0.3478260869565217,0.5217391304347826,0.0462303618737925
1,4,1,3,10,0.3043478260869565,0.5217391304347826,0.3248492172563115
2,2,0,6,9,0.8260869565217391,0.0,0.9660523019008912
1,1,3,3,11,0.8695652173913043,0.9130434782608696,0.6828271822784773
0,3,4,2,3,0.7391304347826086,0.8695652173913043,0.6513213587443145
2,3,0,3,5,0.5217391304347826,0.6086956521739131,0.3727067420905415
0,0,0,1,0,0.6521739130434783,0.7826086956521738,0.3331073597988812
1,4,1,0,1,0.3478260869565217,0.5652173913043478,0.0885575772535151
0,3,2,6,3,0.4782608695652174,0.6521739130434783,0.49704371171946
2,2,3,1,5,0.4782608695652174,0.5652173913043478,0.2399857239726969
2,0,2,3,5,0.217391304347826,0.2608695652173913,0.5248598258160151
1,1,3,2,9,0.7826086956521738,0.8695652173913043,0.2709225566790645
0,0,3,4,9,0.2608695652173913,0.3043478260869565,0.9992359204827332
2,1,2,5,9,0.0869565217391304,0.1739130434782608,0.8960113772385045
1,0,0,0,2,0.6521739130434783,0.6956521739130435,0.096127296402002
2,0,3,5,4,0.7391304347826086,0.7826086956521738,0.1121410432030933
2,0,2,3,4,0.6521739130434783,0.7391304347826086,0.5829248706800654
0,1,3,0,5,0.9565217391304348,0.0,0.3594510626820389
2,1,4,0,9,0.2608695652173913,0.3043478260869565,0.6899367458277932
0,0,0,2,8,0.1304347826086956,0.3478260869565217,0.1427497428246591
2,3,1,0,0,0.3043478260869565,0.3913043478260869,0.7169924848683307
1,4,3,6,3,0.5217391304347826,0.6521739130434783,0.6981947184972097
2,4,4,1,3,0.5217391304347826,0.6956521739130435,0.2375945222687505
0,4,1,1,4,0.6956521739130435,0.7391304347826086,0.4922447788363969
0,1,1,1,5,0.6956521739130435,0.7391304347826086,0.2483088080739993
1,1,3,6,1,0.1739130434782608,0.3478260869565217,0.182028628364897
2,3,2,5,6,0.217391304347826,0.4347826086956521,0.6667624126645395
2,4,3,2,6,0.7826086956521738,0.9565217391304348,0.3897790900382382
1,4,4,0,4,0.5217391304347826,0.6086956521739131,0.3058298221419578
2,0,1,6,1,0.5652173913043478,0.7391304347826086,0.3255529013628302
2,1,3,1,2,0.9130434782608696,0.9565217391304348,0.10755289807958
0,4,2,3,2,0.1304347826086956,0.3043478260869565,0.4252478392310526
2,3,3,4,4,0.2608695652173913,0.3913043478260869,0.2743426788966424
2,3,0,0,6,0.3043478260869565,0.3913043478260869,0.0186802026566044
1,4,2,6,1,0.5217391304347826,0.6956521739130435,0.7243456119028262
1,1,4,6,9,0.217391304347826,0.2608695652173913,0.8893409697057753
0,3,1,2,5,0.217391304347826,0.3043478260869565,0.1546220901579422
2,0,3,2,3,1.0,0.0,0.8440021564889728
2,3,2,6,8,0.8695652173913043,0.0434782608695652,0.2320374618627347
2,2,0,1,10,0.0869565217391304,0.217391304347826,0.2804527070691145
0,2,2,4,5,0.0869565217391304,0.3043478260869565,0.1843802870647295
0,1,0,0,9,0.5217391304347826,0.6521739130434783,0.942118091099535
1,4,4,2,7,0.9130434782608696,0.0434782608695652,0.2829742154064383
0,1,1,0,6,0.0434782608695652,0.1304347826086956,0.7031821306319936
2,1,4,1,9,0.6521739130434783,0.8260869565217391,0.4162027330163805
2,1,3,0,7,0.9130434782608696,0.0,0.596506244482301
0,1,2,3,4,0.217391304347826,0.3478260869565217,0.3325344285720169
2,0,0,2,1,0.3043478260869565,0.4347826086956521,0.8570055288228515
2,0,0,1,3,0.9565217391304348,1.0,0.3163939736302293
0,3,2,1,0,0.3043478260869565,0.3913043478260869,0.8217760661181923
0,2,2,4,4,0.217391304347826,0.3913043478260869,0.7930100829252291
2,1,3,4,5,0.5652173913043478,0.7391304347826086,0.8348533399758988
2,3,4,3,4,0.0869565217391304,0.3043478260869565,0.3288543177236352
2,2,0,1,5,0.3913043478260869,0.5217391304347826,0.6487488705596225
1,4,3,5,0,0.0869565217391304,0.217391304347826,0.1425218743036713
1,0,4,1,11,0.4782608695652174,0.6086956521739131,0.5549020516152665
1,2,3,4,7,0.6956521739130435,0.8695652173913043,0.3339387120347305
0,4,0,5,3,0.1739130434782608,0.3913043478260869,0.3221395458208907
1,2,2,2,8,0.8260869565217391,0.8695652173913043,0.3778047690995624
0,0,2,2,8,0.3478260869565217,0.4347826086956521,0.6153405305349986
0,0,4,0,7,0.8695652173913043,0.9130434782608696,0.0650933797890724
1,3,1,6,10,0.8260869565217391,1.0,0.8495726910080508
1,1,4,4,9,0.2608695652173913,0.3913043478260869,0.1966817586741844
1,2,1,6,11,0.9130434782608696,1.0,0.6775728520106046
2,2,3,5,7,0.1304347826086956,0.3043478260869565,0.3457924885284734
1,4,3,4,8,0.5217391304347826,0.6956521739130435,0.5364591891524424
2,0,0,3,4,0.5217391304347826,0.6956521739130435,0.2415526848590718
0,2,1,1,9,0.3913043478260869,0.4782608695652174,0.8477123483799309
2,0,0,3,11,0.7391304347826086,0.8260869565217391,0.4556675904505773
1,2,2,5,1,0.6956521739130435,0.9130434782608696,0.28141294641178
0,3,1,4,1,0.8260869565217391,0.0,0.4462636462102202
0,1,4,5,9,0.8260869565217391,0.8695652173913043,0.0027608871420459
0,2,2,1,7,0.5217391304347826,0.6086956521739131,0.7756991885695355
2,0,2,2,5,0.6956521739130435,0.7826086956521738,0.3924516764814872
1,3,4,2,5,0.9130434782608696,1.0,0.8682531986573447
0,2,2,5,4,0.1304347826086956,0.3478260869565217,0.0666137498223056
0,4,1,6,11,0.0,0.1739130434782608,0.2005022221013123
0,1,0,4,11,0.0,0.1304347826086956,0.1350501656055621
2,2,2,4,9,0.6086956521739131,0.8260869565217391,0.9651512082789784
2,3,1,2,6,0.5217391304347826,0.6086956521739131,0.2284413042565266
1,4,3,0,1,0.6956521739130435,0.9130434782608696,0.8318257344871909
2,3,1,3,11,1.0,0.0,0.5575578297069503
0,3,0,0,9,0.3043478260869565,0.3913043478260869,0.9232677340540344
1,4,1,1,0,0.7391304347826086,0.7826086956521738,0.4083221487804091
0,3,4,3,10,0.5217391304347826,0.6086956521739131,0.3237511159764569
0,4,0,3,0,0.9565217391304348,0.1304347826086956,0.4612013099484827
2,2,3,5,3,0.5652173913043478,0.7391304347826086,0.2729216461171307
1,4,4,2,7,0.3043478260869565,0.4347826086956521,0.3532257529344371
2,4,1,0,4,0.3043478260869565,0.3478260869565217,0.7619900569584583
2,1,0,0,11,0.6086956521739131,0.8260869565217391,0.2792560535593044
1,4,3,2,3,0.5217391304347826,0.6956521739130435,0.5890120537787091
0,4,4,0,8,0.2608695652173913,0.4782608695652174,0.6809918187122159
0,2,3,2,3,0.1739130434782608,0.217391304347826,0.7541601969118799
1,1,1,5,9,0.6956521739130435,0.8260869565217391,0.2959816033449988
0,0,3,6,11,0.6521739130434783,0.8695652173913043,0.9795881854492384
1,2,2,3,10,0.9565217391304348,0.0,0.9816365924937844
1,2,4,5,7,0.0434782608695652,0.217391304347826,0.6171008044866271
2,0,3,4,9,0.9130434782608696,0.0869565217391304,0.3866209083649438
1,4,1,1,9,0.7391304347826086,0.9130434782608696,0.9651702217860136
2,3,1,6,4,0.6956521739130435,0.7826086956521738,0.3575471470196107
0,1,3,4,4,0.2608695652173913,0.3913043478260869,0.2393158403292778
0,3,1,3,1,0.5217391304347826,0.6521739130434783,0.760825368430895
0,0,0,0,1,0.7391304347826086,0.8260869565217391,0.7698396191537182
0,2,0,2,5,0.5652173913043478,0.7391304347826086,0.0567297813486518
2,2,0,3,6,0.7391304347826086,0.9565217391304348,0.9905477729596116
0,1,2,5,11,0.5217391304347826,0.6086956521739131,0.8098363296579465
1,2,3,1,11,0.4347826086956521,0.4782608695652174,0.8298718126618152
1,2,2,5,2,0.8695652173913043,0.0,0.5069926429582099
1,1,1,6,3,0.8695652173913043,1.0,0.314388220023638
2,1,2,6,11,0.6521739130434783,0.7391304347826086,0.7287905127970244
0,0,1,1,11,0.9565217391304348,0.0434782608695652,0.8032496900114605
0,2,1,4,6,0.6956521739130435,0.8695652173913043,0.1911452299476809
0,2,4,4,8,0.3043478260869565,0.4347826086956521,0.8087805666938503
2,0,0,6,1,0.7826086956521738,0.8695652173913043,0.2277311251251237
1,4,1,6,1,0.8260869565217391,1.0,0.20188853865888
1,4,4,0,10,0.6086956521739131,0.6521739130434783,0.7131121017399449
0,4,0,2,11,0.3478260869565217,0.4347826086956521,0.5860310252323517
1,0,1,0,6,0.8260869565217391,0.0,0.7329552636047763
1,2,1,0,7,0.3913043478260869,0.4782608695652174,0.9645940091594872
2,0,2,4,1,0.4782608695652174,0.6521739130434783,0.0014851973689835
2,0,2,1,6,0.8695652173913043,0.9565217391304348,0.7081371027517738
2,4,0,4,0,0.9565217391304348,1.0,0.4913689999407113
2,3,1,2,8,0.8260869565217391,0.8695652173913043,0.6995165906673739
0,2,3,5,11,0.0,0.217391304347826,0.2135431996196164
2,4,2,6,10,0.8260869565217391,0.9565217391304348,0.9369141350352496
1,3,0,6,3,0.3478260869565217,0.5217391304347826,0.9006246659011787
0,3,1,2,1,0.9130434782608696,0.0434782608695652,0.9530775350277292
1,1,1,0,0,0.6086956521739131,0.7391304347826086,0.8970341109253546
1,2,3,1,7,0.0,0.0434782608695652,0.8297661539289791
1,3,0,6,6,0.4782608695652174,0.5217391304347826,0.9296691742232916
2,4,1,3,4,0.0869565217391304,0.1739130434782608,0.033347038042237
2,1,2,0,9,0.4347826086956521,0.6521739130434783,0.5740412044443646
0,2,3,6,11,0.0434782608695652,0.2608695652173913,0.9226320179659346
0,0,0,3,11,0.6521739130434783,0.8695652173913043,0.4308196289495573
2,4,3,2,0,0.3478260869565217,0.4347826086956521,0.9925659536881666
1,3,2,2,6,0.6086956521739131,0.8260869565217391,0.7034010697674911
0,3,0,0,5,0.4782608695652174,0.6086956521739131,0.8144498998563632
2,4,3,6,11,0.0,0.0869565217391304,0.3246093980627484
2,3,4,4,5,0.5217391304347826,0.6521739130434783,0.049530274664796
2,1,2,3,7,0.5652173913043478,0.6521739130434783,0.7605398513624875
1,2,2,1,4,0.3043478260869565,0.5217391304347826,0.7633691995559295
2,1,2,6,0,0.3043478260869565,0.4347826086956521,0.3951226023230752
2,3,4,1,6,0.4782608695652174,0.6086956521739131,0.9003541426456334
2,0,4,6,6,0.0,0.1304347826086956,0.0899336181885641
2,2,1,4,2,0.4347826086956521,0.5217391304347826,0.7504834016813877
0,2,3,4,7,0.3043478260869565,0.4782608695652174,0.025353658894715
0,4,1,0,7,0.3913043478260869,0.6086956521739131,0.7091184026725821
2,4,3,0,8,0.7826086956521738,0.9130434782608696,0.909241139015084
1,0,4,4,9,0.4347826086956521,0.6086956521739131,0.6175125948995053
0,2,4,5,1,0.2608695652173913,0.4782608695652174,0.683299047343223
2,0,1,4,1,0.4347826086956521,0.6521739130434783,0.5702143500158494
0,4,0,2,2,0.6956521739130435,0.8260869565217391,0.9713018313037584
0,4,1,2,3,0.0,0.1304347826086956,0.2189550270557797
1,2,3,5,10,0.8695652173913043,0.9565217391304348,0.2172494861486426
2,1,1,3,0,0.8695652173913043,0.0,0.8524579859951105
2,3,2,1,4,0.3043478260869565,0.4782608695652174,0.3742596221625597
1,4,3,6,6,0.9565217391304348,0.0434782608695652,0.8256650910186085
1,4,3,6,9,1.0,0.1739130434782608,0.3432660733496608
2,1,0,5,5,0.217391304347826,0.3478260869565217,0.4195976028847033
2,1,4,2,0,0.9130434782608696,0.0869565217391304,0.3238694401843192
1,0,3,0,3,0.7391304347826086,0.9565217391304348,0.6708998090050808
0,0,4,6,0,0.217391304347826,0.3478260869565217,0.9578366531717402
0,3,1,2,3,0.1739130434782608,0.217391304347826,0.0456235792952893
1,3,2,3,6,0.5217391304347826,0.6956521739130435,0.1268298651797065
0,2,0,1,10,0.7826086956521738,1.0,0.8470484689498059
1,0,4,3,3,0.9130434782608696,0.0869565217391304,0.5422536345786417
0,4,3,5,6,0.3043478260869565,0.3478260869565217,0.3740417374951882
0,0,4,4,6,0.3478260869565217,0.4347826086956521,0.424731414221075
2,4,3,4,10,0.6956521739130435,0.7391304347826086,0.1723669613600807
2,1,4,4,1,0.0869565217391304,0.1304347826086956,0.9187188089602024
0,0,3,3,0,0.7826086956521738,1.0,0.8253062125223745
0,1,1,6,2,0.4347826086956521,0.6086956521739131,0.4849565624014935
2,3,3,1,11,1.0,0.0,0.4315518487691887
2,3,3,4,11,0.6956521739130435,0.7826086956521738,0.3393312508399633
2,2,2,5,2,0.8695652173913043,1.0,0.7515632906075318
1,0,3,5,5,0.7826086956521738,0.8260869565217391,0.6207814611865425
0,1,2,4,7,0.0434782608695652,0.0869565217391304,0.300439831110952
2,4,0,4,5,0.3043478260869565,0.3913043478260869,0.7627289760436042
0,3,2,1,7,0.7826086956521738,0.9565217391304348,0.1862982753085582
1,3,1,4,2,0.2608695652173913,0.3043478260869565,0.7024303070868478
1,4,2,1,11,0.6956521739130435,0.7391304347826086,0.3893816227740507
2,1,0,5,4,0.217391304347826,0.3913043478260869,0.7068702145047026
1,1,1,4,11,0.7826086956521738,0.8695652173913043,0.8787907167228401
0,0,4,3,5,1.0,0.0,0.5691967126134725
2,0,4,0,9,0.217391304347826,0.3913043478260869,0.0975485375947274
0,2,2,3,2,0.0434782608695652,0.0869565217391304,0.8943530523009207
0,3,2,5,5,0.217391304347826,0.3478260869565217,0.8980397700526059
1,0,0,1,4,0.9565217391304348,0.1304347826086956,0.3686562331525876
1,1,0,3,0,0.1739130434782608,0.3043478260869565,0.5659402242997731
1,4,3,1,7,0.7826086956521738,0.8260869565217391,0.4801460284406432
1,1,0,3,11,0.8260869565217391,0.9130434782608696,0.065571010360848
1,3,3,3,10,0.1304347826086956,0.3478260869565217,0.2975938201823973
2,1,1,1,9,0.9130434782608696,0.0,0.1135269627671382
0,2,2,6,6,0.6956521739130435,0.8695652173913043,0.647323594670729
0,3,1,3,4,0.4347826086956521,0.5217391304347826,0.9588461705209606
0,4,0,4,5,0.1304347826086956,0.2608695652173913,0.0962468814762469
0,2,1,0,7,0.5217391304347826,0.6956521739130435,0.866746300886245
1,3,1,5,10,0.8260869565217391,0.8695652173913043,0.220473637715397
0,4,1,6,3,0.6956521739130435,0.8695652173913043,0.6474253149100861
2,2,0,1,1,0.3478260869565217,0.4782608695652174,0.3891817564122581
2,2,1,6,11,0.1304347826086956,0.2608695652173913,0.6606932138424833
0,3,3,2,1,0.9565217391304348,1.0,0.6334101899995279
0,0,0,2,4,0.5652173913043478,0.7391304347826086,0.8921042282040499
2,2,1,3,3,0.7826086956521738,0.9565217391304348,0.2605783542912396
2,2,0,3,3,0.0869565217391304,0.1304347826086956,0.2061229086286217
1,4,4,4,3,0.5652173913043478,0.7391304347826086,0.0635374772744043
2,1,3,0,6,0.3043478260869565,0.3478260869565217,0.3080433239848002
1,3,1,5,4,1.0,0.0434782608695652,0.1093095335008071
1,3,4,6,0,0.0,0.1304347826086956,0.470741769124571
1,0,4,2,1,0.3913043478260869,0.4782608695652174,0.4889138110612162
1,0,0,3,0,0.7391304347826086,0.9565217391304348,0.5926897606658164
1,3,4,5,10,0.6521739130434783,0.8695652173913043,0.2746485222681712
0,0,3,6,8,0.3043478260869565,0.5217391304347826,0.2507936359122479
2,4,3,3,9,0.0,0.0434782608695652,0.0475814059462792
1,3,2,3,9,0.4782608695652174,0.6521739130434783,0.6912653561055384
2,0,3,2,0,0.3043478260869565,0.3913043478260869,0.1509243895375582
2,3,4,2,8,1.0,0.0434782608695652,0.4405890017800775
1,1,3,3,8,0.6521739130434783,0.7391304347826086,0.1408667032435224
0,2,0,1,11,0.7391304347826086,0.8260869565217391,0.6038304107376962
1,3,2,3,10,0.1304347826086956,0.3478260869565217,0.2829760884436474
0,2,4,5,4,0.217391304347826,0.3043478260869565,0.1541975651487044
2,0,2,3,8,0.4782608695652174,0.6521739130434783,0.46717200385529
0,2,4,4,5,0.3478260869565217,0.5652173913043478,0.5122305443901964
0,3,0,0,2,0.6086956521739131,0.6956521739130435,0.240130462332847
0,1,2,4,9,0.6521739130434783,0.6956521739130435,0.1474149430875229
2,0,1,4,5,1.0,0.0869565217391304,0.6100642510826615
2,3,4,1,10,0.4782608695652174,0.6086956521739131,0.3698092385338293
0,0,1,1,8,1.0,0.0869565217391304,0.0385156629286988
0,4,2,3,1,0.9565217391304348,0.1304347826086956,0.974955392762226
1,2,1,4,9,0.5652173913043478,0.6521739130434783,0.4699347995751401
0,4,1,1,11,0.5217391304347826,0.7391304347826086,0.7443170976270057
1,3,2,2,7,0.0434782608695652,0.217391304347826,0.6635219591192585
0,1,0,3,11,0.0869565217391304,0.1304347826086956,0.78100971322474
1,0,1,5,2,1.0,0.0,0.4246984372622002
2,2,1,0,3,0.9130434782608696,0.0,0.0345752966408399
0,0,0,6,7,0.3913043478260869,0.5217391304347826,0.2978145230846762
0,3,1,3,6,0.3478260869565217,0.4782608695652174,0.0152342544059163
0,0,1,6,8,0.8260869565217391,0.9130434782608696,0.2383283445386687
0,2,1,4,10,0.3043478260869565,0.4782608695652174,0.7885903647897343
1,3,3,0,9,0.3913043478260869,0.5652173913043478,0.1943739426182593
0,0,0,6,6,0.7826086956521738,0.9565217391304348,0.6749433941090075
2,1,1,4,10,0.0869565217391304,0.2608695652173913,0.9847455299227116
2,3,0,2,2,1.0,0.0869565217391304,0.7086996987687624
0,3,4,6,0,0.1739130434782608,0.217391304347826,0.6536127008659984
2,1,4,0,8,0.0869565217391304,0.217391304347826,0.3397419433015203
0,4,1,3,4,0.6521739130434783,0.8260869565217391,0.93180087502505
0,2,0,4,4,0.6956521739130435,0.8260869565217391,0.79767378630042
2,4,0,3,8,0.6086956521739131,0.7826086956521738,0.6526724609049537
0,0,0,0,7,0.0869565217391304,0.3043478260869565,0.9344357890650052
2,1,3,1,3,0.4782608695652174,0.5217391304347826,0.8102696063288211
1,4,4,4,3,0.3478260869565217,0.5652173913043478,0.0215839070321824
0,3,0,6,7,0.8695652173913043,0.9565217391304348,0.1998667205803569
1,0,0,4,4,0.4782608695652174,0.6086956521739131,0.9999999999999998
2,0,3,3,1,0.6086956521739131,0.6956521739130435,0.9605120266514716
1,4,3,2,7,0.0434782608695652,0.1739130434782608,0.5568849207913298
1,4,0,4,9,0.9565217391304348,0.1304347826086956,0.9019274666264584
2,1,2,6,4,0.7391304347826086,0.9130434782608696,0.259172421468351
1,2,0,1,1,0.8260869565217391,1.0,0.6298866760690143
1,4,0,5,2,0.4782608695652174,0.6086956521739131,0.6566029854450322
2,4,3,2,6,0.9565217391304348,0.0869565217391304,0.6748856987319718
1,3,3,1,1,0.1304347826086956,0.3478260869565217,0.7510510270079849
2,0,0,4,6,0.9565217391304348,0.0869565217391304,0.5074093067954824
1,2,0,3,10,0.6521739130434783,0.8695652173913043,0.8153681108463642
2,3,0,0,5,0.9565217391304348,0.0,0.6032054474007
2,1,3,3,10,0.6521739130434783,0.8695652173913043,0.0193182333035203
1,1,0,6,4,0.0,0.0434782608695652,0.6818000530553936
1,4,0,3,6,0.9130434782608696,0.9565217391304348,0.98672945015334
1,4,1,2,4,0.0434782608695652,0.0869565217391304,0.7272390051932185
0,1,2,3,7,0.0869565217391304,0.217391304347826,0.5599093715646004
0,4,4,6,8,0.8695652173913043,1.0,0.2924765800664152
0,2,2,5,9,0.8260869565217391,0.9565217391304348,0.2715080210777804
2,4,1,4,11,0.6956521739130435,0.9130434782608696,0.821559389926823
1,0,4,0,4,0.8260869565217391,0.9565217391304348,0.3744933134029313
2,4,0,4,9,0.9130434782608696,1.0,0.3559149193902236
0,3,1,3,7,0.8695652173913043,0.9130434782608696,0.0324922903719276
1,2,0,1,1,0.0,0.217391304347826,0.9024350144160368
2,3,3,4,7,0.8260869565217391,0.8695652173913043,0.8974514802678233
1,3,1,5,2,0.217391304347826,0.3478260869565217,0.3242606810770596
2,0,3,3,10,0.6086956521739131,0.8260869565217391,0.3885621072068079
1,2,1,0,1,0.5652173913043478,0.7391304347826086,0.3151850347193969
0,2,1,6,11,0.8260869565217391,0.9130434782608696,0.5075205448453117
0,2,3,5,6,0.6086956521739131,0.7391304347826086,0.6096725152769538
1,2,4,3,8,0.5652173913043478,0.6956521739130435,0.4119361613195777
2,2,2,5,9,0.8695652173913043,0.9565217391304348,0.8373689226464276
0,0,0,4,8,1.0,0.0434782608695652,0.0053280329554264
0,4,1,0,5,0.1739130434782608,0.3478260869565217,0.7484562633283063
0,3,0,6,7,0.217391304347826,0.3478260869565217,0.1436771382456332
1,2,3,3,4,0.6956521739130435,0.8260869565217391,0.8270976557325396
1,4,0,2,6,0.4347826086956521,0.4782608695652174,0.9672817380908452
2,4,3,6,5,0.6521739130434783,0.8695652173913043,0.0298224582756517
2,3,0,2,7,0.4782608695652174,0.6956521739130435,0.0591379162189887
2,0,2,5,0,0.6086956521739131,0.6521739130434783,0.0486847901900734
1,1,2,1,4,0.9565217391304348,0.1304347826086956,0.8744084246367219
1,1,2,6,1,0.1304347826086956,0.217391304347826,0.2500801125508399
2,4,2,5,10,0.7391304347826086,0.9565217391304348,0.096741146676951
2,3,2,2,9,0.8695652173913043,0.0434782608695652,0.6811810938180667
1,1,2,4,2,0.0869565217391304,0.1304347826086956,0.9974184554775288
2,4,3,4,11,0.9130434782608696,0.0434782608695652,0.410538145549927
0,0,1,1,11,0.3043478260869565,0.5217391304347826,0.4278112743869381
1,1,0,6,1,0.9565217391304348,0.1304347826086956,0.6101737494571737
2,4,2,6,3,0.0869565217391304,0.2608695652173913,0.3244108018122726
1,4,3,6,11,0.3043478260869565,0.3478260869565217,0.0097413867647128
0,2,3,5,9,0.7391304347826086,0.9130434782608696,0.9673539979581284
1,0,3,0,1,0.3913043478260869,0.4347826086956521,0.1013445836508357
1,2,1,0,6,0.8260869565217391,0.9130434782608696,0.9053882090364191
1,3,0,1,11,0.6956521739130435,0.7391304347826086,0.5118014760888567
1,2,1,6,8,0.3043478260869565,0.3913043478260869,0.0330321035113493
0,2,4,5,1,0.9565217391304348,0.0,0.639183787626932
1,1,3,4,9,0.4347826086956521,0.4782608695652174,0.2629272787181957
1,4,4,2,8,0.1739130434782608,0.3043478260869565,0.7184465306319807
2,0,2,5,4,0.5217391304347826,0.5652173913043478,0.2411594889426268
1,2,2,0,4,0.8695652173913043,0.0434782608695652,0.0221217335727609
2,0,1,0,11,0.9565217391304348,0.1304347826086956,0.1930977531169027
0,2,0,4,8,0.1739130434782608,0.3043478260869565,0.2034840416507678
0,3,4,4,10,1.0,0.0434782608695652,0.5600838961894758
0,2,0,2,7,0.5217391304347826,0.6521739130434783,0.9576606650863831
0,1,1,4,4,0.217391304347826,0.4347826086956521,0.6591140766739221
2,4,2,1,10,0.1739130434782608,0.3043478260869565,0.626755131466286
1,3,0,2,6,0.3478260869565217,0.3913043478260869,0.6287581030306466
0,2,0,4,1,0.6521739130434783,0.7826086956521738,0.138490758130054
1,0,2,3,7,0.0434782608695652,0.1304347826086956,0.7283212132708503
2,3,4,5,5,0.0,0.0434782608695652,0.956601413322076
2,3,2,4,9,0.3043478260869565,0.4782608695652174,0.9875882011196376
2,2,0,1,2,0.7826086956521738,1.0,0.3376449859360863
0,3,4,6,1,0.4347826086956521,0.6521739130434783,0.0300358319076643
1,0,4,4,7,0.4782608695652174,0.6086956521739131,0.8486024757742057
1,3,2,0,9,0.4782608695652174,0.5217391304347826,0.5679932917247712
1,0,0,0,7,0.2608695652173913,0.4347826086956521,0.0407404503397591
2,2,1,0,8,0.5217391304347826,0.5652173913043478,0.0133486148443731
0,4,0,6,6,0.3043478260869565,0.5217391304347826,0.9406879071124576
2,3,3,0,0,0.9130434782608696,0.9565217391304348,0.4799470461923021
2,4,1,3,2,0.3478260869565217,0.5217391304347826,0.3833260325042188
1,0,4,4,11,0.2608695652173913,0.3913043478260869,0.930069310124269
2,3,1,0,7,0.8695652173913043,0.9565217391304348,0.4174455181100802
1,1,4,2,9,1.0,0.0,0.1886399797260402
0,4,4,6,9,0.6086956521739131,0.6956521739130435,0.4511163011340379
1,3,1,3,8,0.0434782608695652,0.2608695652173913,0.066354540020126
0,4,4,2,10,0.9565217391304348,0.0434782608695652,0.8804067703962468
1,3,4,2,1,0.8260869565217391,0.9565217391304348,0.810109509550341
2,2,3,2,0,0.4782608695652174,0.5217391304347826,0.6990254572210186
2,4,0,2,3,0.0,0.1304347826086956,0.6242903495641374
0,1,0,4,11,0.9565217391304348,1.0,0.6798919317139034
0,1,3,0,5,0.9130434782608696,0.9565217391304348,0.8700834230179499
0,0,1,5,3,0.3043478260869565,0.3913043478260869,0.3538482833030882
1,3,2,4,1,0.1739130434782608,0.3043478260869565,0.960691619572818
1,4,2,4,11,0.6086956521739131,0.6521739130434783,0.4300604563606221
0,0,2,3,9,0.0,0.0869565217391304,0.8732557660620599
2,4,3,3,5,0.0,0.1739130434782608,0.8746179054334449
1,3,3,0,7,0.3913043478260869,0.4782608695652174,0.0291464742870228
1,1,4,5,10,0.9130434782608696,1.0,0.158721046836095
1,2,2,3,0,0.3913043478260869,0.4347826086956521,0.1404526131119347
0,1,1,0,7,0.8695652173913043,0.0434782608695652,0.8379767000875153
0,0,1,0,10,0.6086956521739131,0.8260869565217391,0.2725204829281518
0,2,2,1,6,0.6956521739130435,0.9130434782608696,0.4205266738962384
0,0,2,5,8,0.9130434782608696,1.0,0.5251409793257034
0,3,2,3,11,0.217391304347826,0.2608695652173913,0.2233875562064164
2,2,3,5,7,0.0869565217391304,0.217391304347826,0.3965217569274474
2,0,3,4,10,0.5217391304347826,0.6086956521739131,0.5556751833391356
0,3,3,4,3,0.6521739130434783,0.7391304347826086,0.6777428236953544
1,1,0,5,8,0.3043478260869565,0.3478260869565217,0.1146867327198044
0,3,1,1,10,0.6086956521739131,0.7826086956521738,0.1813276638359143
2,4,1,1,4,0.6956521739130435,0.7826086956521738,0.5103005081718175
2,3,4,5,6,0.6956521739130435,0.8695652173913043,0.2340264950287661
1,3,3,3,1,0.9130434782608696,0.0434782608695652,0.6754328262283973
2,4,0,6,7,0.5217391304347826,0.7391304347826086,0.5681837625128667
0,0,0,1,0,0.6956521739130435,0.7391304347826086,0.1278333878208354
1,0,1,2,6,0.217391304347826,0.3913043478260869,0.930163293146632
0,3,3,4,8,0.6956521739130435,0.7391304347826086,0.3726686690818531
0,4,4,5,4,0.6521739130434783,0.8695652173913043,0.9788754187190192
1,4,3,2,11,0.5652173913043478,0.6086956521739131,0.5835329632628787
0,1,2,5,3,0.5217391304347826,0.6086956521739131,0.0178197167332814
2,0,3,0,0,0.217391304347826,0.3913043478260869,0.7085597848236049
0,2,2,4,7,0.0869565217391304,0.1304347826086956,0.9481433495481668
1,0,2,4,0,0.5652173913043478,0.6956521739130435,0.7511745348273005
1,0,4,1,6,0.5652173913043478,0.6086956521739131,0.1203244074445214
1,1,1,1,8,0.6086956521739131,0.7826086956521738,0.8332517581149133
0,2,3,2,11,0.3043478260869565,0.5217391304347826,0.7592836628373321
1,1,2,0,9,0.6086956521739131,0.8260869565217391,0.7438019896800148
1,2,3,5,4,0.9130434782608696,0.0434782608695652,0.8171007590371049
0,3,1,0,7,0.5217391304347826,0.6086956521739131,0.0917064778731797
2,2,1,4,9,0.6956521739130435,0.7826086956521738,0.634435124776543
0,1,0,2,3,0.8695652173913043,0.0434782608695652,0.4669204997141387
1,0,1,6,11,1.0,0.1739130434782608,0.8034723677972979
1,2,4,2,2,0.0869565217391304,0.2608695652173913,0.2792506950102101
0,2,2,3,2,0.217391304347826,0.3043478260869565,0.3091984629409419
2,4,0,2,11,0.1739130434782608,0.3913043478260869,0.122900985721526
1,0,4,0,4,0.9130434782608696,1.0,0.5322067788750742
1,3,3,3,5,0.6956521739130435,0.9130434782608696,0.7670677846456051
1,1,2,3,9,0.9565217391304348,1.0,0.2422298861845423
0,3,1,3,10,0.0434782608695652,0.1739130434782608,0.022952817093359
1,0,2,6,0,0.6086956521739131,0.6521739130434783,0.5698643764325511
2,2,3,2,7,0.1739130434782608,0.3913043478260869,0.4307012636132651
1,2,0,0,5,0.8260869565217391,0.9565217391304348,0.1940275830353233
1,0,0,2,10,0.217391304347826,0.3478260869565217,0.1675492990136543
2,2,0,6,8,0.217391304347826,0.4347826086956521,0.6998988125545078
1,2,1,4,7,0.7391304347826086,0.9565217391304348,0.1953615603230927
0,2,4,1,7,0.7391304347826086,0.8260869565217391,0.6190953433580775
0,1,4,0,2,0.1304347826086956,0.3478260869565217,0.6602859070312197
0,1,2,0,4,0.6956521739130435,0.8695652173913043,0.9276600931660152
2,4,1,2,8,0.5652173913043478,0.7826086956521738,0.4694296780452863
1,3,0,1,0,0.5652173913043478,0.7391304347826086,0.5852511599856041
0,0,0,5,1,0.5217391304347826,0.7391304347826086,0.412480581049425
2,0,3,5,10,0.2608695652173913,0.3478260869565217,0.9098747969961832
1,0,3,6,2,0.4782608695652174,0.6521739130434783,0.7179198263388418
2,4,0,5,7,0.9565217391304348,1.0,0.7303080645868336
0,1,0,0,5,0.6086956521739131,0.7826086956521738,0.0500243707715178
0,4,1,5,2,0.7826086956521738,0.8695652173913043,0.8728583050183605
0,0,4,4,10,0.4347826086956521,0.6086956521739131,0.1677780520559614
2,3,3,4,10,0.6086956521739131,0.8260869565217391,0.8388900664703576
2,2,4,4,4,0.4782608695652174,0.6956521739130435,0.1644112032661761
0,1,1,5,7,0.0869565217391304,0.1739130434782608,0.3117574408531244
2,1,0,6,8,0.6956521739130435,0.8260869565217391,0.5519715269626058
0,4,4,3,9,0.0869565217391304,0.3043478260869565,0.5422430376362424
0,1,0,3,1,0.7826086956521738,0.8260869565217391,0.6411505451224302
1,0,0,1,4,0.8260869565217391,0.9130434782608696,0.3129904828510896
2,0,2,3,3,0.1304347826086956,0.3043478260869565,0.5731057241625139
0,4,4,3,7,0.0869565217391304,0.2608695652173913,0.6861291023632008
0,0,4,4,4,0.6521739130434783,0.6956521739130435,0.3926481158513584
2,3,0,4,0,0.4782608695652174,0.6956521739130435,0.4898975398000213
1,4,1,5,1,0.3043478260869565,0.3913043478260869,0.0274193006532166
1,3,2,1,2,1.0,0.0,0.8778383339976792
0,2,0,2,11,0.6956521739130435,0.9130434782608696,0.3896666243625805
2,3,3,0,3,0.2608695652173913,0.3478260869565217,0.663621196534202
1,2,3,1,6,0.4347826086956521,0.6086956521739131,0.3729243313722237
2,2,2,1,4,0.7391304347826086,0.8260869565217391,0.7760711900074
2,3,1,6,10,0.0,0.1304347826086956,0.2692091649086526
0,4,0,5,9,0.0869565217391304,0.1739130434782608,0.6162679077405839
1,0,4,6,11,0.1304347826086956,0.2608695652173913,0.5444359549243118
0,0,2,1,4,0.5217391304347826,0.6086956521739131,0.061207909889594
1,2,1,1,4,0.217391304347826,0.3478260869565217,0.5561240661864322
1,2,4,1,5,0.5652173913043478,0.7391304347826086,0.0874700565422743
1,4,3,3,5,0.1739130434782608,0.3913043478260869,0.4965163456767573
1,1,3,0,11,0.6521739130434783,0.7826086956521738,0.5551199385885937
1,3,4,0,8,0.6086956521739131,0.7391304347826086,0.2756527792962414
2,2,2,6,2,0.6086956521739131,0.7826086956521738,0.8885906386992901
0,0,3,1,5,0.1304347826086956,0.2608695652173913,0.6749296043347759
2,4,0,0,10,0.3043478260869565,0.3478260869565217,0.6731573437082987
1,3,4,4,3,0.6521739130434783,0.8260869565217391,0.7049192369634818
0,4,4,0,6,0.6521739130434783,0.6956521739130435,0.1607928883601148
1,3,3,5,1,0.1304347826086956,0.3043478260869565,0.6720414738207532
0,3,2,5,6,0.5217391304347826,0.6521739130434783,0.7045804317458415
2,2,0,0,6,0.5217391304347826,0.5652173913043478,0.3333995407653526
0,4,2,4,1,0.0434782608695652,0.1739130434782608,0.4532955288419777
0,4,1,5,5,0.0869565217391304,0.2608695652173913,0.6551707642539029
0,0,1,3,11,0.9130434782608696,0.0,0.9867735486299692
0,0,3,0,1,0.3043478260869565,0.3478260869565217,0.7444875156713533
0,2,3,3,2,1.0,0.0,0.1144109282556546
1,2,3,0,2,0.6086956521739131,0.7391304347826086,0.1285356950286836
0,1,1,2,7,0.4347826086956521,0.5217391304347826,0.004692953822459
0,0,2,2,0,0.3478260869565217,0.5217391304347826,0.7233741519234493
2,3,2,2,8,0.2608695652173913,0.4347826086956521,0.3011144993382476
0,4,3,5,3,0.5217391304347826,0.6521739130434783,0.9091414272330164
2,2,0,3,9,0.0434782608695652,0.1304347826086956,0.6715719754645118
1,4,2,3,5,0.3043478260869565,0.3478260869565217,0.2153977173788818
0,4,1,3,8,0.2608695652173913,0.4782608695652174,0.237799476942156
2,1,4,4,1,1.0,0.1739130434782608,0.7899878208646944
2,0,4,3,0,0.4782608695652174,0.6086956521739131,0.6814397613050565
1,2,4,4,9,0.7826086956521738,0.8695652173913043,0.2925383714746927
0,4,0,2,3,0.2608695652173913,0.3478260869565217,0.2096375180897845
0,2,3,2,3,0.3913043478260869,0.5652173913043478,0.2066049218502275
2,3,1,5,5,0.6521739130434783,0.6956521739130435,0.7432152608986589
0,1,0,0,1,0.0869565217391304,0.1739130434782608,0.3068389894982391
2,3,1,2,8,0.3913043478260869,0.6086956521739131,0.100697225214956
0,2,1,0,11,0.217391304347826,0.2608695652173913,0.6482822865311766
2,2,3,0,8,0.7391304347826086,0.7826086956521738,0.1479667179066289
0,0,4,5,8,0.7391304347826086,0.8695652173913043,0.4330289978402319
1,4,3,1,3,0.1739130434782608,0.2608695652173913,0.637630686509782
0,4,0,1,11,0.8695652173913043,1.0,0.4915991334664372
0,3,0,6,11,0.2608695652173913,0.3478260869565217,0.256411441020035
1,1,0,5,5,0.0434782608695652,0.217391304347826,0.2486381086874234
0,4,3,6,9,0.4347826086956521,0.5652173913043478,0.9290645378945208
1,0,1,6,4,0.5217391304347826,0.6521739130434783,0.3294433576040969
0,3,1,1,6,0.9565217391304348,0.1304347826086956,0.5644534256164702
2,3,2,5,6,0.1739130434782608,0.3043478260869565,0.2827308921917976
2,0,0,1,3,0.217391304347826,0.3043478260869565,0.6142307851700204
0,1,1,6,4,1.0,0.1739130434782608,0.2538855103462749
0,0,2,5,9,0.5652173913043478,0.6956521739130435,0.9961039663510428
0,1,1,6,4,0.4782608695652174,0.6086956521739131,0.3184866902047086
2,0,0,3,5,0.1304347826086956,0.3043478260869565,0.5414679886537566
0,0,4,0,8,0.9565217391304348,0.0434782608695652,0.4008119840906776
2,2,0,5,3,0.217391304347826,0.2608695652173913,0.3028561017906434
1,3,3,5,11,0.3913043478260869,0.6086956521739131,0.4068538881993231
2,0,1,0,2,0.7391304347826086,0.7826086956521738,0.5133305754494892
2,0,1,6,3,0.6086956521739131,0.8260869565217391,0.984241850529856
1,4,3,3,6,0.3043478260869565,0.4782608695652174,0.7935272376403963
2,3,3,4,9,0.3478260869565217,0.4782608695652174,0.9081006933732396
0,4,4,0,4,0.1739130434782608,0.3043478260869565,0.0905840363551391
0,3,1,1,9,0.3913043478260869,0.5217391304347826,0.9890973183810374
2,4,1,6,5,0.8260869565217391,0.0,0.3339767814113971
0,0,4,0,3,0.217391304347826,0.3478260869565217,0.6125915232905046
2,0,2,0,1,0.6521739130434783,0.6956521739130435,0.2923466102324244
0,2,4,5,3,1.0,0.0869565217391304,0.0469361744071898
0,4,0,1,11,0.0869565217391304,0.2608695652173913,0.69367638592402
2,1,1,1,3,0.3913043478260869,0.4347826086956521,0.4905484678957514
0,2,3,1,0,0.4347826086956521,0.5652173913043478,0.9164297868393207
2,4,0,0,5,0.4347826086956521,0.5652173913043478,0.2705276468361116
0,4,1,4,10,0.6956521739130435,0.7826086956521738,0.0317217738588019
0,2,4,2,5,0.1304347826086956,0.3478260869565217,0.5002116170644257
1,0,0,6,4,0.1304347826086956,0.1739130434782608,0.9661050276592
1,4,1,2,2,0.6956521739130435,0.7826086956521738,0.5323112893208104
2,0,2,0,10,0.3478260869565217,0.5217391304347826,0.8676118730201918
1,2,2,2,4,0.7826086956521738,1.0,0.7869395785566351
2,0,3,0,4,0.1739130434782608,0.217391304347826,0.5820140176770958
1,3,1,2,11,0.9130434782608696,0.0,0.4412619066821031
0,1,2,1,11,1.0,0.0,0.4072321582088059
2,4,4,3,7,0.217391304347826,0.3478260869565217,0.7480469015700826
2,1,1,1,8,0.0869565217391304,0.3043478260869565,0.1645598765234346
0,0,4,1,6,0.9130434782608696,0.0,0.9936726728785006
2,4,4,5,8,0.0,0.1739130434782608,0.5775340442530028
2,0,2,5,8,0.8260869565217391,0.9565217391304348,0.7198560063786301
1,3,1,2,2,0.9130434782608696,0.0434782608695652,0.1049719713490625
2,2,0,0,6,0.6521739130434783,0.8695652173913043,0.8054268629443675
0,4,2,1,1,0.9565217391304348,0.1304347826086956,0.6489895757182134
1,3,2,2,10,0.4347826086956521,0.4782608695652174,0.8918923488425661
1,3,1,5,9,0.5217391304347826,0.6956521739130435,0.5252005161791677
0,4,1,3,8,0.3913043478260869,0.5652173913043478,0.1104188465790758
0,0,4,6,2,0.0869565217391304,0.1739130434782608,0.7483126982711723
1,3,1,2,7,0.3478260869565217,0.4347826086956521,0.0548506938824044
2,1,4,3,3,0.4782608695652174,0.5652173913043478,0.5124739573972703
1,3,2,6,3,0.9565217391304348,0.0434782608695652,0.0164766064926334
0,0,3,4,4,0.5652173913043478,0.6521739130434783,0.0816647561236834
1,0,0,2,6,0.0,0.1739130434782608,0.3493066161989458
0,1,2,2,4,0.7391304347826086,0.8695652173913043,0.1376835715162496
1,3,1,4,2,0.6956521739130435,0.9130434782608696,0.9982341495046484
2,0,0,4,0,0.3478260869565217,0.3913043478260869,0.6552445229417936
1,4,3,2,0,0.3478260869565217,0.4347826086956521,0.2988476811662584
1,2,3,4,7,0.9565217391304348,0.1304347826086956,0.6655856254800223
0,2,4,1,9,0.3913043478260869,0.5652173913043478,0.6878286546170937
0,2,0,6,11,0.7826086956521738,0.8260869565217391,0.570948356398536
0,3,4,6,11,0.6086956521739131,0.8260869565217391,0.5363558390421497
1,1,2,6,6,0.1739130434782608,0.217391304347826,0.3757966165180427
2,0,0,1,6,0.6086956521739131,0.6956521739130435,0.4400929512626115
0,4,2,0,8,0.8260869565217391,1.0,0.5742347632536249
0,4,4,4,0,0.9565217391304348,1.0,0.4113063142376084
1,3,0,3,8,0.0434782608695652,0.2608695652173913,0.7775427946034015
0,2,4,4,11,0.5217391304347826,0.6086956521739131,0.2649812007182741
2,3,0,2,10,1.0,0.0434782608695652,0.6625932367284981
2,1,4,5,10,0.6521739130434783,0.8695652173913043,0.9024005728674596
0,1,3,6,6,0.6086956521739131,0.8260869565217391,0.7879743368776586
0,0,4,4,4,0.3913043478260869,0.4347826086956521,0.8094200401268645
1,0,3,3,11,0.5652173913043478,0.6956521739130435,0.0693620890499824
2,1,4,2,10,0.3913043478260869,0.4782608695652174,0.1703596503949637
2,1,0,1,11,0.5652173913043478,0.6086956521739131,0.8791639913836333
0,1,0,0,5,0.9565217391304348,0.1304347826086956,0.8397339730792275
1,3,0,1,3,0.3478260869565217,0.3913043478260869,0.6846628132322456
2,1,1,3,0,0.5652173913043478,0.7826086956521738,0.877060902538985
2,4,2,2,8,0.0869565217391304,0.2608695652173913,0.3824000763150197
1,2,0,6,11,0.8260869565217391,0.0,0.1514078541688164
1,1,3,4,3,0.6521739130434783,0.8695652173913043,0.0999782186101105
2,2,0,2,5,0.0434782608695652,0.2608695652173913,0.9977791326246456
2,3,1,0,8,0.3913043478260869,0.5217391304347826,0.4925133764229076
1,2,3,1,11,0.0869565217391304,0.3043478260869565,0.4110010345609177
2,3,1,0,6,0.4347826086956521,0.5217391304347826,0.8523736469354628
0,4,3,0,3,0.4347826086956521,0.5217391304347826,0.2864079844953251
0,3,4,3,8,0.8695652173913043,0.9130434782608696,0.4307592997972472
1,3,2,3,11,0.8695652173913043,1.0,0.9896075783418838
1,0,2,4,3,0.9130434782608696,0.9565217391304348,0.3526485094998184
1,1,1,3,5,0.5217391304347826,0.6086956521739131,0.2528082937384178
0,1,2,3,11,0.2608695652173913,0.3478260869565217,0.717907463729256
2,4,1,2,11,0.9565217391304348,0.0869565217391304,0.3435569167610511
0,4,1,6,11,0.6956521739130435,0.9130434782608696,0.5878357457324357
2,1,1,4,7,0.0434782608695652,0.1304347826086956,0.5758917317812278
0,0,2,2,9,0.4782608695652174,0.5217391304347826,0.9030220988116195
2,1,1,6,7,0.3913043478260869,0.4347826086956521,0.954980726639721
0,0,2,0,6,0.7391304347826086,0.9565217391304348,0.3116551760563835
1,4,1,2,5,0.9130434782608696,0.0869565217391304,0.1095080914207652
0,2,0,5,7,0.4347826086956521,0.6086956521739131,0.6225728432185049
2,4,1,2,8,0.6521739130434783,0.7826086956521738,0.0240854348763598
0,4,3,3,2,0.6956521739130435,0.7391304347826086,0.3051245838517
0,3,1,6,9,0.7826086956521738,1.0,0.2529233099625216
0,3,4,4,4,0.7391304347826086,0.7826086956521738,0.0030383264316105
1,3,1,4,2,0.0869565217391304,0.3043478260869565,0.7443482634296026
0,3,3,6,9,0.8695652173913043,0.9565217391304348,0.0053312020140696
1,0,3,3,0,0.6521739130434783,0.6956521739130435,0.9190595627387844
1,1,2,1,0,0.217391304347826,0.3043478260869565,0.5073155878041531
0,2,0,2,11,0.4782608695652174,0.5217391304347826,0.9938629415016248
0,4,1,3,9,0.4347826086956521,0.5652173913043478,0.4963053548387199
0,0,2,5,4,0.6086956521739131,0.7826086956521738,0.2118186409973034
2,2,0,0,9,0.6086956521739131,0.6956521739130435,0.7100741175638332
0,0,1,6,6,0.6521739130434783,0.8695652173913043,0.1672605173829299
1,0,4,2,2,0.3913043478260869,0.5217391304347826,0.7992205604577882
0,4,1,4,6,0.4782608695652174,0.5217391304347826,0.0850045638018096
2,1,3,0,4,0.5217391304347826,0.6086956521739131,0.8639934137780114
0,3,3,1,9,0.1304347826086956,0.1739130434782608,0.9814147189764696
2,1,4,5,3,0.2608695652173913,0.3043478260869565,0.0371230277594218
2,4,2,4,6,0.9130434782608696,0.9565217391304348,0.7228386559494366
0,4,0,6,6,0.0434782608695652,0.217391304347826,0.0800724968626577
1,4,1,2,10,0.6086956521739131,0.7826086956521738,0.2073090507874798
2,2,3,6,9,0.3043478260869565,0.5217391304347826,0.8693982827465965
0,1,2,0,6,0.2608695652173913,0.3478260869565217,0.2521957736319092
0,1,4,2,7,0.6086956521739131,0.7391304347826086,0.9372457183050424
1,0,3,3,5,0.9565217391304348,0.0434782608695652,0.9898529669114372
2,0,4,1,9,0.5652173913043478,0.6956521739130435,0.4530167199559418
2,0,1,3,0,0.3043478260869565,0.3478260869565217,0.3615833616088608
0,4,0,3,10,0.4782608695652174,0.6521739130434783,0.2101682032132548
0,1,3,6,6,0.5217391304347826,0.6086956521739131,0.5071007558278455
1,4,3,0,10,0.4347826086956521,0.4782608695652174,0.6137231294966283
1,2,1,1,0,0.6956521739130435,0.8695652173913043,0.3861282092754183
2,0,2,2,4,0.6956521739130435,0.8695652173913043,0.1522923680253063
2,4,0,2,4,1.0,0.0434782608695652,0.5310972710222015
0,4,3,5,2,0.1304347826086956,0.217391304347826,0.364072638392475
2,2,0,4,9,0.8695652173913043,0.9565217391304348,0.7292650630592972
1,3,3,5,0,0.3043478260869565,0.3478260869565217,0.3931194449242441
1,1,0,5,1,0.1739130434782608,0.3913043478260869,0.9428262246540956
0,3,4,2,2,0.6521739130434783,0.7391304347826086,0.1839944381385844
1,0,3,6,1,0.1304347826086956,0.3478260869565217,0.5028975487149752
1,4,0,3,9,0.9130434782608696,0.9565217391304348,0.8232944202229235
1,2,2,0,11,0.6086956521739131,0.8260869565217391,0.705366038134918
1,2,4,3,10,0.4782608695652174,0.6086956521739131,0.8252586190033633
0,1,4,3,10,0.1739130434782608,0.3913043478260869,0.9185021764476728
0,3,2,1,4,0.9565217391304348,0.0,0.6962173882794307
2,1,0,2,1,0.6521739130434783,0.6956521739130435,0.9245262759019476
1,4,1,0,7,0.5652173913043478,0.6521739130434783,0.4013505041180557
2,1,2,6,8,0.3913043478260869,0.5217391304347826,0.238100113609077
0,2,0,1,6,0.2608695652173913,0.3478260869565217,0.8982436196455341
0,2,2,4,6,0.5217391304347826,0.6086956521739131,0.5896830382985225
0,0,2,6,6,0.8260869565217391,0.9130434782608696,0.2759022406674079
0,0,3,5,4,0.1739130434782608,0.3478260869565217,0.284065293121137
0,4,0,6,0,0.0869565217391304,0.217391304347826,0.9429740422085742
0,3,1,6,7,0.6086956521739131,0.6956521739130435,0.520251949449064
0,1,3,3,3,0.1304347826086956,0.217391304347826,0.8597134134338043
1,4,2,6,1,0.6086956521739131,0.6956521739130435,0.6818636709117496
2,0,2,5,7,0.5652173913043478,0.6086956521739131,0.2426778382420333
0,1,2,5,2,0.8260869565217391,1.0,0.9933035787750868
1,0,0,2,1,0.7826086956521738,0.8260869565217391,0.2252424233393601
1,1,0,6,7,0.5217391304347826,0.6956521739130435,0.4738012604275918
2,3,3,3,8,0.3913043478260869,0.4782608695652174,0.0039999720682567
0,4,1,6,7,0.8695652173913043,1.0,0.8442642944245309
2,1,3,4,7,0.1739130434782608,0.3913043478260869,0.9561459227512406
0,2,4,4,7,0.9565217391304348,0.1304347826086956,0.2393686865358656
1,2,2,3,10,0.8260869565217391,0.9130434782608696,0.4153717469520201
1,1,2,2,11,0.8260869565217391,0.8695652173913043,0.694607349990684
1,1,2,2,9,0.217391304347826,0.3478260869565217,0.4013349349128091
1,1,3,5,2,0.1304347826086956,0.3043478260869565,0.8168264843189363
2,2,3,5,2,0.0434782608695652,0.1304347826086956,0.7613273435269614
0,2,2,1,10,0.9130434782608696,0.0,0.5538310754227942
0,1,3,3,0,0.6521739130434783,0.7826086956521738,0.1820880385686907
2,0,0,6,9,0.7391304347826086,0.9130434782608696,0.370204302742818
0,0,0,0,1,0.1739130434782608,0.3043478260869565,0.5361488715665348
1,3,3,3,0,0.9130434782608696,0.9565217391304348,0.4098185252880436
0,4,2,1,9,0.1304347826086956,0.1739130434782608,0.1555960669196444
1,0,3,5,8,0.5217391304347826,0.5652173913043478,0.969170539294172
2,2,3,3,8,0.7826086956521738,0.9130434782608696,0.3591034266089416
0,0,3,3,5,0.9565217391304348,1.0,0.5011647579998766
2,3,4,5,3,0.0434782608695652,0.217391304347826,0.646235126154356
0,3,0,1,8,0.5217391304347826,0.6521739130434783,0.5686213451045448
1,4,1,5,1,0.4347826086956521,0.6521739130434783,0.3447011127841468
2,0,1,2,11,0.9130434782608696,0.0,0.5957423216453246
0,2,4,6,6,0.1304347826086956,0.3043478260869565,0.0300040033822887
1,2,3,5,5,0.9130434782608696,0.0869565217391304,0.4445293283599805
2,1,4,1,6,0.8260869565217391,0.9565217391304348,0.4417524851190404
2,2,4,4,2,0.8260869565217391,0.8695652173913043,0.7583062536984875
0,4,2,2,7,0.6086956521739131,0.6956521739130435,0.0362549493913174
0,4,0,4,3,0.1304347826086956,0.217391304347826,0.0121746137465368
0,2,1,0,2,0.3478260869565217,0.3913043478260869,0.5993068135192554
1,2,3,5,9,0.2608695652173913,0.3478260869565217,0.6045648290066397
0,1,1,2,2,0.7826086956521738,0.8695652173913043,0.566601575058181
2,2,1,6,4,0.7826086956521738,0.8260869565217391,0.4725056123462415
2,1,0,5,8,0.217391304347826,0.2608695652173913,0.3676209987923376
0,1,1,6,11,0.217391304347826,0.3478260869565217,0.3101483936320546
0,2,1,3,3,0.8260869565217391,0.9565217391304348,0.7801525269829159
2,3,4,4,6,0.6086956521739131,0.6521739130434783,0.9853276686115344
1,3,0,2,5,0.6086956521739131,0.7826086956521738,0.2009040104168308
0,1,2,6,8,0.8260869565217391,0.9130434782608696,0.814953289426666
0,2,3,1,1,0.3478260869565217,0.4782608695652174,0.0489615106981899
2,3,1,6,8,0.1304347826086956,0.217391304347826,0.3331167968084248
0,2,3,1,5,0.7391304347826086,0.9565217391304348,0.3769643131476066
1,2,2,5,5,0.7391304347826086,0.7826086956521738,0.6917013822899247
2,2,3,2,4,0.1739130434782608,0.3478260869565217,0.921401817754988
0,0,2,6,8,0.8260869565217391,0.0,0.2368303595241926
2,2,4,0,2,0.9565217391304348,0.1304347826086956,0.3602818735968265
0,0,1,6,8,0.4347826086956521,0.6521739130434783,0.793308753975084
0,1,2,0,7,0.1739130434782608,0.217391304347826,0.6533837009689518
0,3,3,2,4,0.9130434782608696,0.0,0.8989436201504197
1,3,1,6,0,0.1304347826086956,0.1739130434782608,0.0160708602321394
1,3,4,1,0,0.4782608695652174,0.6086956521739131,0.1107962946470077
2,3,1,6,7,0.0434782608695652,0.2608695652173913,0.5000241784426285
0,3,2,4,9,0.5217391304347826,0.7391304347826086,0.2280063839655595
0,3,4,5,0,0.3913043478260869,0.5652173913043478,0.8883781400881108
1,3,3,3,7,0.3478260869565217,0.4782608695652174,0.265988665613915
0,1,4,1,10,0.3913043478260869,0.6086956521739131,0.904351531394718
1,2,4,4,2,0.2608695652173913,0.3478260869565217,0.9171325935235156
0,4,0,0,8,0.1304347826086956,0.3043478260869565,0.8015528064854969
2,0,4,5,2,0.7826086956521738,0.8260869565217391,0.351478427874671
0,4,4,2,7,0.3913043478260869,0.5652173913043478,0.7423807610264037
0,4,1,1,11,0.0869565217391304,0.1739130434782608,0.2724332667433902
1,2,3,3,8,0.8695652173913043,1.0,0.8104522764022362
0,2,1,5,10,0.7826086956521738,0.8260869565217391,0.550518671850365
0,2,1,0,10,0.8695652173913043,0.9130434782608696,0.1901055755197532
1,3,2,3,2,0.0434782608695652,0.1739130434782608,0.8479434275103377
2,1,1,2,6,0.8260869565217391,1.0,0.4641264346542554
2,3,0,2,8,0.3913043478260869,0.6086956521739131,0.6364047454771848
1,1,0,0,3,0.0434782608695652,0.217391304347826,0.9153867149691202
1,1,2,1,10,0.0434782608695652,0.1304347826086956,0.4303465252119595
1,4,3,0,11,1.0,0.1739130434782608,0.8711816607449754
1,4,3,6,4,0.6956521739130435,0.8695652173913043,0.3386634204901355
1,1,1,2,9,0.6521739130434783,0.7826086956521738,0.511505391920912
2,1,1,5,6,0.6521739130434783,0.7391304347826086,0.2764736773634355
2,3,1,6,4,0.5652173913043478,0.6521739130434783,0.2832397509097224
1,3,3,4,6,0.2608695652173913,0.3478260869565217,0.5119048835162652
0,4,4,3,11,0.8695652173913043,0.0434782608695652,0.0
1,2,0,6,2,0.4347826086956521,0.4782608695652174,0.4150606416703905
0,1,4,3,5,1.0,0.1739130434782608,0.1753031979529097
1,3,4,0,8,0.0,0.1739130434782608,0.8154472847602161
1,4,3,6,7,0.4347826086956521,0.4782608695652174,0.9413935193008078
2,3,4,0,1,0.9565217391304348,0.0869565217391304,0.583582144720874
0,1,2,4,3,0.8695652173913043,0.9130434782608696,0.8540576603329433
0,1,1,2,4,0.1304347826086956,0.3478260869565217,0.6737883362458972
2,0,2,4,8,0.2608695652173913,0.3478260869565217,0.3130122446059176
2,2,0,2,3,0.6086956521739131,0.7391304347826086,0.3756499843684127
2,0,1,0,5,0.7391304347826086,0.8260869565217391,0.1874482573582223
2,4,4,2,1,0.4782608695652174,0.6956521739130435,0.9479538522167998
0,3,0,3,3,0.6956521739130435,0.7391304347826086,0.0161717194832768
0,4,1,5,3,0.0,0.0869565217391304,0.333084503280842
1,1,4,4,4,0.4347826086956521,0.6521739130434783,0.2812480239001391
1,0,2,6,0,0.0,0.1739130434782608,0.8941124419101862
2,0,1,4,1,0.6086956521739131,0.7391304347826086,0.6094373055001714
2,0,4,3,8,0.8695652173913043,0.9565217391304348,0.6378564548130068
2,4,2,2,5,0.3913043478260869,0.4347826086956521,0.958156992378753
1,1,0,3,1,0.2608695652173913,0.4347826086956521,0.8907597144167725
1,3,0,1,2,0.0434782608695652,0.2608695652173913,0.0592353719679827
1,3,0,1,11,0.3913043478260869,0.5217391304347826,0.876753823724221
1,4,0,6,2,1.0,0.0,0.7706940692695576
1,0,3,3,0,0.1304347826086956,0.3478260869565217,0.9498434262596688
1,2,1,0,11,0.4782608695652174,0.6956521739130435,0.0533584758944385
1,4,1,6,5,0.7826086956521738,0.8695652173913043,0.0223560563113415
2,4,3,0,4,0.4347826086956521,0.5217391304347826,0.0492898296267918
2,1,4,6,4,0.3043478260869565,0.3478260869565217,0.1832130055669255
2,3,4,1,5,0.7391304347826086,0.9565217391304348,0.5158054704698716
2,4,0,6,6,0.4347826086956521,0.5217391304347826,0.9066843860246953
1,4,2,1,5,0.4347826086956521,0.5652173913043478,0.3185137297291366
0,0,4,2,2,0.5217391304347826,0.6521739130434783,0.8731510476111453
1,0,2,0,0,0.0869565217391304,0.3043478260869565,0.5609669502100338
0,2,1,3,10,0.4782608695652174,0.5652173913043478,0.1036170179296068
2,1,2,6,4,0.0869565217391304,0.1304347826086956,0.4227180562217005
1,2,1,1,9,0.3913043478260869,0.4347826086956521,0.6254411502712154
2,0,3,4,0,0.6956521739130435,0.7391304347826086,0.7071045498529289
1,3,3,0,7,0.9130434782608696,0.0,0.9874057766029548
2,0,0,6,0,0.0434782608695652,0.1304347826086956,0.8616010254204882
0,1,4,5,0,0.6956521739130435,0.7826086956521738,0.3732133032885916
0,0,0,2,3,0.6521739130434783,0.7826086956521738,0.3520971410541707
0,1,1,2,0,0.0434782608695652,0.0869565217391304,0.6492210714325182
1,1,0,4,4,0.9130434782608696,0.9565217391304348,0.0061030208921326
0,1,2,1,10,0.8260869565217391,0.0,0.4197341068260858
1,1,1,6,10,0.217391304347826,0.3913043478260869,0.3449676790261464
0,1,3,0,0,0.3913043478260869,0.4782608695652174,0.2390672015414145
0,3,4,1,7,0.3913043478260869,0.4782608695652174,0.0731749616999116
1,2,1,2,11,0.3043478260869565,0.3913043478260869,0.0992940643914636
1,4,1,1,4,0.0,0.1739130434782608,0.945131221032122
0,2,2,2,4,0.5217391304347826,0.7391304347826086,0.4220138183252731
1,1,4,1,7,1.0,0.1304347826086956,0.0802030603088451
0,3,3,4,1,0.3478260869565217,0.3913043478260869,0.2962210389320284
1,0,1,3,2,0.9130434782608696,0.9565217391304348,0.3073861703026236
2,3,1,4,7,0.3913043478260869,0.4782608695652174,0.7634770512592062
2,1,2,4,7,0.6086956521739131,0.7391304347826086,0.0332052229918024
2,3,0,3,8,0.1739130434782608,0.2608695652173913,0.9616250030979568
2,3,3,3,6,0.9130434782608696,0.0,0.5380919331493745
2,1,4,6,7,0.6521739130434783,0.8260869565217391,0.9111682500906196
0,3,1,0,6,0.5217391304347826,0.5652173913043478,0.3391670368203096
2,4,1,0,11,0.9130434782608696,0.0,0.8823607381100174
2,4,3,6,6,0.8260869565217391,1.0,0.2267970554088276
2,3,0,4,1,0.7391304347826086,0.7826086956521738,0.3324058510027516
2,0,1,4,7,0.4347826086956521,0.5652173913043478,0.3041510753054696
1,1,3,2,7,0.3478260869565217,0.4347826086956521,0.327120994164099
0,4,2,2,5,0.6521739130434783,0.7391304347826086,0.266768490208945
2,0,0,0,6,0.0434782608695652,0.1304347826086956,0.7812009393700154
2,3,4,6,4,0.0434782608695652,0.217391304347826,0.917476140170634
2,0,1,5,7,0.4782608695652174,0.5652173913043478,0.6166974231159477
0,2,3,5,2,0.3043478260869565,0.5217391304347826,0.6896711898825689
1,4,2,6,5,0.3478260869565217,0.3913043478260869,0.1502907591832041
0,3,4,2,6,0.4782608695652174,0.6521739130434783,0.1578561504048621
1,1,3,0,4,0.3478260869565217,0.4347826086956521,0.0978718201191464
2,3,3,0,4,0.3913043478260869,0.4347826086956521,0.5785175392712312
2,1,4,2,0,0.0434782608695652,0.1739130434782608,0.0524278919965097
0,3,2,5,10,0.6521739130434783,0.7391304347826086,0.8820765657967793
0,0,2,1,11,0.8260869565217391,0.8695652173913043,0.7795448849258004
1,0,0,1,1,0.2608695652173913,0.4782608695652174,0.9793327362574202
1,0,1,2,3,0.0434782608695652,0.1739130434782608,0.1361439826755709
0,2,4,1,7,0.0,0.217391304347826,0.5713549606316122
1,1,4,3,8,0.7826086956521738,0.8260869565217391,0.4171159538339833
0,0,4,6,6,0.1304347826086956,0.3478260869565217,0.7728158794803666
1,2,2,6,6,1.0,0.0,0.8640577289642009
0,1,1,2,5,0.9130434782608696,0.9565217391304348,0.2347940833691535
0,3,0,4,5,0.0434782608695652,0.2608695652173913,0.8477868750605002
0,2,3,5,8,0.5652173913043478,0.6086956521739131,0.0825264566839673
1,4,3,2,6,0.0434782608695652,0.1304347826086956,0.2493848698203404
1,2,4,1,9,0.6086956521739131,0.6521739130434783,0.4635342706609591
1,2,1,5,1,0.4782608695652174,0.6521739130434783,0.6266253392400527
0,1,2,4,6,0.1739130434782608,0.217391304347826,0.6589063409468379
1,3,1,1,7,0.8260869565217391,1.0,0.5139420791592784
1,4,1,0,10,0.2608695652173913,0.3043478260869565,0.0873096230236473
0,0,2,3,8,1.0,0.0,0.4687712132299306
2,0,4,1,7,0.8695652173913043,0.0434782608695652,0.1483074337441028
0,2,1,3,9,0.3913043478260869,0.4782608695652174,0.3780132115628827
1,1,3,5,1,0.5652173913043478,0.6521739130434783,0.5508904846952081
0,1,2,3,6,0.5652173913043478,0.6956521739130435,0.0653108455888022
2,0,0,5,3,0.1739130434782608,0.3913043478260869,0.3481614163928994
0,4,4,5,0,0.7391304347826086,0.9565217391304348,0.429773548903857
1,3,2,5,7,1.0,0.0434782608695652,0.6256920442710456
2,4,0,5,10,0.5652173913043478,0.7826086956521738,0.468552588373216
1,3,0,5,3,0.0434782608695652,0.1304347826086956,0.9615991534329504
2,0,1,1,2,0.4782608695652174,0.6956521739130435,0.4486713663590914
2,3,1,5,5,0.9130434782608696,0.9565217391304348,0.8125184174009499
0,1,1,1,7,1.0,0.0434782608695652,0.2254577298357361
0,2,2,5,5,0.217391304347826,0.3043478260869565,0.5713077844894394
1,2,2,3,6,0.1304347826086956,0.3043478260869565,0.3260012568349434
0,0,4,0,5,0.5217391304347826,0.7391304347826086,0.2497872169033544
0,1,1,5,2,0.1304347826086956,0.3478260869565217,0.1100271432837808
2,4,0,4,10,0.9130434782608696,1.0,0.3047332841519585
0,1,3,5,1,0.5652173913043478,0.6086956521739131,0.3303373492814332
2,2,4,5,4,0.6521739130434783,0.6956521739130435,0.4460358522037411
2,2,2,3,11,0.1304347826086956,0.1739130434782608,0.5724408394498077
2,1,4,6,8,1.0,0.1739130434782608,0.661548083820054
1,1,4,3,1,0.0,0.1739130434782608,0.1378299190690044
1,2,4,4,4,0.5217391304347826,0.6086956521739131,0.2023111056558789
1,4,4,6,9,0.1304347826086956,0.2608695652173913,0.0734525591270468
2,0,3,2,7,0.8260869565217391,1.0,0.8702836855093694
1,0,1,2,7,0.7391304347826086,0.8695652173913043,0.3079183248133999
1,1,0,4,10,0.217391304347826,0.3913043478260869,0.0133914586837068
0,0,4,3,7,0.0869565217391304,0.1304347826086956,0.7578239571895562
1,2,4,1,3,0.9565217391304348,0.1304347826086956,0.6432070403773507
1,2,4,4,4,0.5217391304347826,0.6521739130434783,0.3346632572331218
2,1,1,0,10,0.6521739130434783,0.8260869565217391,0.9606999525680686
2,1,2,6,0,0.1739130434782608,0.3913043478260869,0.7121145286284445
2,1,2,6,3,0.1304347826086956,0.2608695652173913,0.7479616921072492
2,4,3,5,7,0.8695652173913043,0.9565217391304348,0.9323933349813402
2,0,2,2,5,0.3043478260869565,0.4782608695652174,0.0700226995823917
2,1,4,6,2,0.7826086956521738,0.8695652173913043,0.7615741935889506
1,3,4,4,5,0.5652173913043478,0.6086956521739131,0.4583543929989432
2,3,4,6,3,0.2608695652173913,0.3478260869565217,0.713984115514839
2,2,3,4,9,0.5652173913043478,0.6521739130434783,0.1480962853601603
0,0,4,1,7,0.217391304347826,0.3913043478260869,0.0747139306872265
1,1,2,5,9,0.4782608695652174,0.5217391304347826,0.2597132190693803
1,3,1,2,9,0.6521739130434783,0.7391304347826086,0.491325550824136
1,0,1,6,4,0.6956521739130435,0.9130434782608696,0.1626280488204202
2,2,0,4,8,0.5217391304347826,0.6521739130434783,0.9860743803531342
2,4,2,3,4,0.9565217391304348,0.0,0.5084950221812643
2,0,4,2,6,0.5652173913043478,0.6086956521739131,0.531801431741658
0,0,1,1,11,0.2608695652173913,0.3478260869565217,0.9807379171797728
2,4,2,4,3,0.5652173913043478,0.6956521739130435,0.6193296679441895
0,0,1,0,1,0.6086956521739131,0.6521739130434783,0.8463267532276058
1,2,4,0,11,0.4782608695652174,0.6521739130434783,0.941813339018049
2,2,1,5,0,0.6956521739130435,0.7391304347826086,0.7645551962608383
0,4,0,5,2,0.3478260869565217,0.5217391304347826,0.771220646715862
0,1,0,1,4,0.9130434782608696,0.9565217391304348,0.6827229277134095
2,3,1,1,4,0.6086956521739131,0.7391304347826086,0.6174859166260185
1,1,2,5,10,0.4782608695652174,0.6086956521739131,0.6872636035424744
1,0,2,6,11,0.0434782608695652,0.0869565217391304,0.8460576109758668
1,3,2,6,10,0.1739130434782608,0.2608695652173913,0.2573960206557902
0,4,1,4,1,0.5217391304347826,0.6521739130434783,0.3537336311377214
0,4,2,3,10,0.8260869565217391,1.0,0.0139503393530403
0,3,4,4,11,0.9565217391304348,0.0869565217391304,0.3648105506886624
0,2,0,3,3,0.3043478260869565,0.5217391304347826,0.2847255507393849
1,3,4,1,7,0.5652173913043478,0.7391304347826086,0.9192171826191112
2,0,2,2,7,0.6086956521739131,0.8260869565217391,0.617548462524153
0,2,4,4,2,0.4347826086956521,0.4782608695652174,0.6671533663738987
0,4,2,4,0,0.0,0.0434782608695652,0.817814702956325
1,3,1,3,4,0.8695652173913043,0.9130434782608696,0.3916374118637838
2,1,4,1,1,0.0869565217391304,0.1739130434782608,0.9615108964490175
2,1,1,1,4,0.6956521739130435,0.7826086956521738,0.0908699924312083
1,0,1,0,6,0.7826086956521738,1.0,0.6443728829106066
1,1,3,3,2,0.5652173913043478,0.7391304347826086,0.5862689742654779
2,3,2,1,0,0.9130434782608696,0.0434782608695652,0.0678332550363048
0,3,0,5,8,0.9565217391304348,1.0,0.0310637274731175
2,1,2,6,10,0.3043478260869565,0.4347826086956521,0.912628835673312
1,3,0,0,5,0.5217391304347826,0.6086956521739131,0.3880789336242691
0,0,2,5,11,0.8260869565217391,0.9130434782608696,0.6003620618741701
0,2,1,2,4,0.0869565217391304,0.1304347826086956,0.4470245763373477
1,0,4,4,10,0.1739130434782608,0.2608695652173913,0.1867557810580893
1,0,4,0,1,0.3478260869565217,0.3913043478260869,0.4335996062305362
1,3,3,2,4,0.217391304347826,0.4347826086956521,0.2217597767494831
2,2,0,4,8,0.9130434782608696,0.0434782608695652,0.3132657312650223
2,3,0,6,7,0.0434782608695652,0.1739130434782608,0.5719283502689518
0,4,0,1,0,0.5217391304347826,0.6956521739130435,0.6951393589626382
1,3,1,5,2,0.1739130434782608,0.3478260869565217,0.3982499880740071
0,3,0,3,0,0.3043478260869565,0.5217391304347826,0.5353470718736137
0,3,4,5,7,0.9565217391304348,0.0,0.0136595311200441
0,2,1,6,4,0.0,0.1304347826086956,0.5981596091884738
0,3,2,2,1,0.8260869565217391,0.9130434782608696,0.4810219992602686
1,2,0,3,0,0.4782608695652174,0.6521739130434783,0.8574057344864257
0,1,0,1,0,0.9565217391304348,1.0,0.3108009679286735
1,4,2,6,8,0.4347826086956521,0.6086956521739131,0.6605345916779968
1,2,0,3,11,0.2608695652173913,0.3478260869565217,0.6169086982850185
2,1,2,6,1,0.6086956521739131,0.7826086956521738,0.800137546701905
1,2,1,6,1,0.9130434782608696,0.9565217391304348,0.6896270057342646
2,2,4,1,3,1.0,0.1739130434782608,0.5669258628225322
1,4,2,0,7,0.4347826086956521,0.5217391304347826,0.9144613422000584
1,0,3,4,3,0.9130434782608696,0.0434782608695652,0.1989232970331115
1,0,2,3,7,0.6521739130434783,0.7391304347826086,0.2565249431016159
2,2,0,1,0,0.0869565217391304,0.3043478260869565,0.2552449875451229
2,3,1,6,7,0.8260869565217391,1.0,0.2310729068125147
0,1,1,1,5,0.5652173913043478,0.7391304347826086,0.4321933293395584
